,0,1,2,3,4,5,6,7,8,9,10,11,12,13,14,15,16,17,18,19,20,21,22,23,24,25,26,27,28,29,30,31,32,33,34,35,36,37,38,39,40,41,42,43,44,45,46,47,48,49,50,51,52,53,54,55,56,57,58,59,60,61,62,63,64,label,pred label
0,Gas5,0.242718,-0.009165999999999999,-0.13763,0.22488899999999998,0.405634,-0.37414000000000003,-0.3825,-0.24879,-0.5157079999999999,0.369185,0.304388,0.48138000000000003,0.13930599999999999,-0.362137,-0.580626,0.337914,-0.206848,-0.362523,-0.296426,-0.14291500000000001,-0.152173,-0.022434,0.206458,0.294299,-0.369649,-0.406351,-0.17430299999999999,0.43795,0.070971,-0.048126999999999996,0.157849,-0.5458270000000001,0.083459,-0.165305,0.270652,0.21297,0.128665,-0.245479,0.741919,-0.344828,0.644308,-0.28825300000000004,0.005332,-0.464099,0.12728299999999998,0.063987,0.028508999999999996,-0.390751,0.432021,0.532733,-0.3714,-0.199857,0.15645699999999998,0.21702,-0.500884,-0.10362,-0.062651,-0.144176,-0.632029,0.312373,-0.145122,0.32850300000000004,-0.159761,0.09387100000000001,1,1
1,Xist,0.085728,-0.018401,-0.355976,0.42994,0.228316,-0.032063999999999995,0.011382999999999999,0.01787,-0.488343,0.432608,-0.541075,0.645091,-0.637552,-0.34532199999999996,-0.295012,0.230564,-0.138292,-0.42072299999999996,0.067512,0.313207,-0.522795,0.29592399999999996,0.31464899999999996,0.40379299999999996,-0.22673000000000001,-0.528891,0.25659299999999996,-0.064787,0.230868,0.264207,0.254963,-0.197898,0.00883,-0.023071,0.6036729999999999,-0.080149,-0.13735899999999998,-0.637799,0.718779,-0.52068,0.228003,-0.578275,-0.004487,-0.45793900000000004,0.196097,0.397527,0.013956,-0.50958,0.339411,0.375716,-0.31280399999999997,0.206878,0.17694200000000002,-0.083317,-0.09674400000000001,-0.466106,0.305556,-1.05942,-0.253048,0.014159,0.029956,0.494385,-0.041957,0.9707540000000001,1,1
2,Meg3,-0.028872000000000002,-0.086232,-0.07598300000000001,0.343441,0.32209,-0.21917399999999998,-0.383934,-0.29280500000000004,-0.454874,0.5218010000000001,0.313847,0.342773,0.420994,-0.535379,-0.730636,0.12873800000000002,-0.11036300000000002,-0.275931,-0.166664,0.007847,-0.042464,0.040313999999999996,0.21743099999999999,0.492357,-0.538621,-0.276586,-0.260198,0.501301,0.036017,0.10626,0.193885,-0.396982,0.166181,-0.138756,0.476612,0.407706,0.03159,-0.192124,0.672517,-0.324863,0.62167,-0.401217,-0.083863,-0.22043600000000002,0.042807,0.177877,-0.175868,-0.46299300000000004,0.605694,0.505362,-0.21967399999999998,-0.139802,0.073116,0.409001,-0.52747,-0.008421,-0.05631799999999999,-0.060191999999999996,-0.5280779999999999,0.332294,-0.058721,0.30795700000000004,-0.082942,0.26462199999999997,1,1
3,Airn,0.365267,-0.033572000000000005,-0.322216,0.07833999999999999,0.082356,-0.19960999999999998,0.19276300000000002,-0.30746,-0.347186,0.206163,-0.115257,0.346586,0.119849,-0.060795,-0.139978,0.390952,-0.593901,-0.564891,-0.172104,-0.22684400000000002,-0.042704,0.065551,0.212182,0.333477,-0.539104,-0.169776,-0.10494400000000001,0.50035,0.138725,-0.044439,0.063701,-0.47921199999999997,-0.073908,-0.096841,0.334487,-0.077033,-0.182068,0.066227,0.502746,-0.301029,0.18215599999999998,-0.212019,-0.150368,-0.193198,0.079792,-0.13986700000000002,0.016593,-0.407312,0.208467,0.271407,-0.325386,0.36028000000000004,0.211596,0.07104400000000001,-0.417821,-0.093565,0.173867,-0.292473,-0.38807600000000003,0.058496000000000006,-0.168879,0.456243,-0.384835,0.438759,1,1
4,Tsix,0.14559,-0.068725,-0.269503,0.19484200000000002,0.250593,-0.29886,0.326402,-0.233301,-0.439925,0.140741,0.016505000000000002,0.315207,0.168239,-0.09471900000000001,-0.17310799999999998,0.49428,-0.514151,-0.442053,-0.05954400000000001,-0.298363,0.06521,0.032344,0.285524,0.328218,-0.603982,-0.191978,-0.149145,0.300012,0.02017,-0.147425,0.145065,-0.46188999999999997,-0.15242,-0.170509,0.309199,0.11222,-0.072724,0.034835000000000005,0.49207700000000004,-0.40534000000000003,0.090714,-0.302191,-0.113722,-0.27120700000000003,0.111233,-0.036458,-0.170102,-0.573925,0.315214,0.41839799999999994,-0.5624939999999999,0.208477,0.1906,0.05722000000000001,-0.384295,0.010234,0.175597,-0.292025,-0.227607,0.088061,-0.182105,0.335468,-0.472153,0.470413,1,1
5,Neat1,0.287619,-0.011599,-0.258218,0.15066500000000002,0.026476,-0.248606,0.12984500000000002,-0.289254,-0.586821,0.039519,-0.185252,0.386502,-0.039399,-0.038745,-0.065249,0.48160200000000003,-0.592561,-0.648117,-0.11976700000000001,-0.099968,0.058827,-0.04941,0.298477,0.26779200000000003,-0.671134,-0.249527,0.019302,0.444141,0.111536,0.004983,-0.05842000000000001,-0.6029100000000001,0.028986,-0.29529099999999997,0.448775,0.022549,-0.160697,0.02632,0.45147200000000004,-0.291275,0.257336,-0.353044,-0.13733599999999999,-0.330891,0.22317800000000002,-0.125454,-0.050207,-0.608777,0.10666700000000001,0.143253,-0.35004,0.25898000000000004,0.264908,0.060147000000000006,-0.582394,-0.18541400000000002,0.08478,-0.345222,-0.285618,0.148925,-0.23772800000000002,0.48034799999999994,-0.42313500000000004,0.395852,1,1
6,Kcnq1ot1,-0.184142,-0.041985,-0.271082,0.14899,0.502019,0.09472,0.668816,0.01755,-0.198077,0.378205,-0.260583,0.121601,0.026907999999999998,-0.114729,-0.690298,0.775461,-0.179228,0.058438,0.345125,0.039222,-0.274113,0.169914,0.59563,0.096977,0.36804499999999996,0.349638,0.42266400000000004,-0.133946,-0.216427,0.372399,0.061908000000000005,0.003036,0.093876,-0.031219,0.284665,-0.50183,-0.516735,0.012756,0.52332,-0.096488,0.282037,-0.07819,0.38221900000000003,-0.372746,-0.46160200000000007,0.064989,-0.566315,-0.347777,-0.088479,-0.10259000000000001,-0.348504,0.067436,0.468211,-0.20688299999999998,-0.033988,0.237959,0.057375999999999996,-0.299439,0.09036,0.187522,0.254253,0.149628,-0.740475,0.367177,1,0
7,Gm12609,0.550593,0.187436,-0.269463,0.06386900000000001,0.19145,-0.219563,0.069088,-0.034875,-0.39603499999999997,0.091536,-0.014955000000000001,0.216939,0.324449,-0.040787000000000004,-0.032036,0.41003900000000004,-0.66756,-0.607812,-0.40783800000000003,-0.27876999999999996,0.185829,0.133688,0.208394,0.316992,-0.7635569999999999,-0.126902,-0.012978,0.430277,0.10213,-0.18518199999999999,0.019266,-0.46847,-0.018882,-0.216734,0.39829200000000003,-0.051486000000000004,-0.173055,0.036194,0.422967,-0.385955,0.298831,-0.260534,-0.149835,-0.337624,0.085836,-0.208659,-0.13486900000000002,-0.540293,0.404317,0.23175500000000002,-0.27686700000000003,0.338853,0.167792,-0.002961,-0.563656,-0.163376,0.164276,-0.222825,-0.6625949999999999,-0.041051,-0.12149000000000001,0.451345,-0.318958,0.259705,1,1
8,9030622O22Rik,0.581395,-0.055466999999999995,-0.333348,0.161824,0.16600299999999998,-0.06425800000000001,0.093686,-0.082842,-0.406986,0.12776700000000002,0.021306,0.17108399999999999,0.380125,0.13564400000000001,-0.041793000000000004,0.43816099999999997,-0.808221,-0.620336,-0.321319,-0.353509,0.155375,0.046021,-0.042407,0.305854,-0.5858979999999999,-0.089448,0.064195,0.49191599999999996,0.047021,-0.23233499999999999,0.05797000000000001,-0.42045299999999997,0.07735399999999999,0.019712999999999998,0.336327,-0.074524,-0.23434899999999997,-0.035920999999999995,0.262702,-0.36394699999999996,0.39007600000000003,-0.22041,-0.31655900000000003,-0.385418,0.037863,0.046973,-0.191619,-0.492505,0.516409,0.288394,-0.28560599999999997,0.293613,0.218067,-0.00023700000000000001,-0.617374,-0.188802,0.061285,-0.208485,-0.619807,0.26018800000000003,-0.072809,0.450557,-0.261684,0.22087199999999999,1,1
9,1810026B05Rik,0.10345399999999999,-0.19585999999999998,-0.09578400000000001,-0.021404,-0.055624,0.157079,-0.08918,-0.135733,-0.15723900000000002,0.096759,0.039046,0.17874,0.368836,-0.293042,-0.313345,0.35691100000000003,-0.12146400000000002,0.068016,-0.208583,-0.163604,-0.242977,0.487308,-0.122076,0.162224,0.058235,0.21375300000000003,-0.0026100000000000003,-0.040275,-0.006797,-0.24431399999999998,-0.10463800000000001,-0.250026,0.228404,-0.073604,0.574697,-0.11018800000000001,-0.297032,-0.065198,0.234844,0.134914,0.13438,-0.119707,0.000867,-0.23071599999999998,-0.093101,0.073976,-0.018147,-0.166175,0.14246099999999998,0.493123,-0.239698,0.09505,0.039063,-0.20266099999999998,-0.025095,-0.129918,-0.073277,-0.220338,-0.295297,0.13628099999999999,0.039132,0.0674,-0.076075,-0.089253,1,0
10,6720416L17Rik,0.380324,0.06213200000000001,-0.202993,0.08402899999999999,0.257372,-0.22447399999999998,0.059233,-0.175095,-0.388642,0.11766099999999999,-0.196545,0.289204,0.272123,0.095291,0.063742,0.441324,-0.586032,-0.670654,-0.44345,-0.324236,0.160529,0.182853,0.168046,0.241182,-0.6677350000000001,-0.08118099999999999,-0.022698,0.490683,0.236129,-0.20264200000000002,0.07621900000000001,-0.49236,0.149017,-0.200311,0.35735,-0.041000999999999996,-0.11033299999999999,0.068119,0.5674819999999999,-0.401919,0.24664299999999997,-0.156301,-0.264342,-0.490227,0.21657300000000002,-0.08978,-0.157146,-0.416483,0.371241,0.279065,-0.10482799999999999,0.28733000000000003,0.12206199999999999,0.036815,-0.6335529999999999,-0.210727,0.21442199999999997,-0.181658,-0.527913,0.047800999999999996,-0.14419500000000002,0.50284,-0.521364,0.276493,1,1
11,AK028326,0.424338,-0.174083,-0.29262699999999997,0.166752,0.362302,-0.002111,0.09575,0.005272,-0.211983,0.121295,0.062358000000000004,0.16142,0.141674,-0.014232,-0.323073,0.319554,-0.039202,-0.026451,-0.008643000000000001,-0.163135,-0.11087899999999999,0.132804,-0.11758199999999999,0.29817899999999997,-0.227791,0.328646,0.281613,0.167163,-0.07842400000000001,-0.089029,-0.051012,-0.06704500000000001,0.277235,-0.13083599999999998,0.41761800000000004,0.101412,-0.30639299999999997,0.039219,0.309749,0.055827,0.126538,-0.028308999999999997,-0.08434900000000001,-0.169546,-0.256657,-0.076007,-0.14510499999999998,-0.333194,0.20152799999999998,0.10983399999999999,-0.026545999999999997,0.12356099999999999,0.147,0.034017,-0.24966100000000002,-0.047843000000000004,-0.064002,-0.375977,-0.044212,0.18801800000000002,0.14365899999999998,0.076076,-0.258094,0.272989,1,0
12,Enox,0.375807,-0.00639,-0.323964,0.20277699999999999,0.000239,-0.34631999999999996,0.22969099999999998,-0.317342,-0.512469,-0.017185,-0.039445,0.224281,0.096818,-0.107954,-0.170521,0.413736,-0.5537340000000001,-0.65004,-0.173976,5.2000000000000004e-05,0.017248,0.061091999999999994,0.406089,0.377603,-0.685394,-0.204567,-0.020257,0.449321,0.244587,0.09481,-0.167028,-0.792049,-0.055478,-0.320896,0.409973,-0.084749,-0.145568,0.13372,0.359608,-0.41539499999999996,0.241769,-0.376853,-0.080329,-0.194075,0.14813199999999999,-0.22114,0.087725,-0.48752,-0.015837,0.072626,-0.31888099999999997,0.24856599999999998,0.190494,0.113239,-0.5168550000000001,-0.031439,0.178507,-0.449245,-0.279133,0.087739,-0.231571,0.503563,-0.49899,0.40176,1,1
13,Dnm3os,0.45836400000000005,-0.077407,-0.27562800000000004,-0.015581,0.07459299999999999,-0.309098,-0.098178,0.041750999999999996,-0.183774,0.27068400000000004,0.140543,0.36001500000000003,0.19833499999999998,-0.36782800000000004,-0.444874,0.589787,-0.787033,-0.483749,-0.498308,-0.398606,0.0354,0.081578,0.16983499999999999,0.476451,-0.35531799999999997,-0.17610699999999999,-0.171852,0.596314,0.083842,-0.392751,0.046625,-0.619334,0.0065969999999999996,-0.327365,0.135721,-0.10868299999999999,-0.42697299999999994,0.11478800000000002,0.565333,-0.267305,0.131907,0.262685,-0.14810399999999999,-0.513121,0.077337,0.099135,0.170599,-0.6074970000000001,0.46543199999999996,0.493911,-0.452876,-0.0453,0.021724,-0.120331,-0.235023,-0.34439000000000003,0.136701,-0.086588,-0.55223,0.11116199999999998,-0.275654,0.401658,-0.441047,0.122145,1,1
14,Fendrr,0.232873,0.067367,-0.22645,0.010865999999999999,0.163484,0.337276,-0.309579,-0.25166700000000003,-0.185912,-0.042698,0.011518,0.2838,0.03497,0.240277,-0.13467300000000001,0.2693,-0.146677,-0.20185,0.263047,-0.01709,-0.247261,0.5323479999999999,0.104439,0.075308,-0.182853,0.67202,0.494041,-0.757213,-0.5574439999999999,0.093673,0.65385,-0.16739600000000002,0.16606600000000002,-0.053266999999999995,-0.34386500000000003,0.2172,-0.010684,-0.587796,0.697049,0.36682,-0.43026400000000004,-0.17152699999999999,-0.28317,-0.846095,0.6480560000000001,-0.081987,-0.570833,-0.673185,0.591539,-0.44454499999999997,-0.363057,-0.462055,0.807422,-0.386492,-0.6461859999999999,-0.583854,-0.515033,-0.150532,-0.12473900000000002,0.34068200000000004,-0.825417,-0.087014,-0.627865,0.007812,1,1
15,Gm12750,0.477641,0.11174300000000001,-0.338528,0.097967,0.208423,-0.271505,0.25408000000000003,-0.171683,-0.328619,-0.007887,0.11261800000000001,0.149256,0.460408,-0.354261,-0.21409899999999998,0.38289,-0.10407899999999999,-0.327493,-0.206137,-0.337814,-0.135968,0.039865,-0.016901,0.317844,-0.471843,0.09264299999999999,0.194418,0.347673,-0.108676,0.012665000000000001,-0.049578,-0.22509099999999999,0.079492,-0.177668,0.243184,0.143905,-0.24845,-0.293763,0.169102,-0.337081,0.166798,0.11670599999999999,-0.040760000000000005,-0.45756499999999994,0.001501,-0.118328,-0.191631,-0.445647,0.421932,0.348346,-0.273725,0.44988500000000003,0.227911,-0.276134,-0.43963,0.110001,-0.037989999999999996,-0.36184499999999997,-0.569655,0.0063219999999999995,-0.28022199999999997,0.10594400000000001,-0.139504,0.250386,1,1
16,RP23-71K9.4,0.201122,-0.07538500000000001,-0.206067,-0.002759,0.36555,0.135245,-0.027355,-0.14333900000000002,-0.16054000000000002,-0.049756,0.169543,0.094208,0.117701,0.064762,-0.210606,0.373973,-0.075068,-0.12338099999999999,-0.12089100000000001,-0.20903899999999997,-0.06763200000000001,0.32416999999999996,-0.20983600000000002,0.051914999999999996,-0.00374,0.351707,0.260381,0.092968,0.112444,-0.18951700000000002,-0.11301199999999999,-0.018151,0.143525,0.011578,0.391516,0.143244,-0.158891,0.015136000000000002,0.30409899999999995,-0.084027,0.152976,-0.140817,-0.082419,-0.23984499999999997,-0.156513,-0.114961,0.190958,-0.164674,0.204713,0.143519,-0.290337,0.184317,0.160779,0.072812,-0.273312,-0.071978,-0.123953,-0.219225,-0.012077,0.029320999999999996,-0.048217,0.14188199999999998,-0.166451,0.126906,1,0
17,lincRNA-p21,0.039249,-0.087898,-0.30489299999999997,-0.168994,0.08161399999999999,0.099004,0.085743,-0.253772,-0.31088000000000005,0.178505,0.085681,0.129933,0.258226,-0.160338,-0.199551,0.252696,-0.253254,0.011789,-0.165864,-0.16128900000000002,-0.07456900000000001,0.488695,-0.165602,0.11367000000000001,-0.11059400000000001,0.380596,0.208168,0.04264,-0.078476,0.014863,0.168979,0.13036099999999998,0.109073,0.055749,0.287774,0.167114,-0.409958,-0.100832,0.31708000000000003,0.11416,0.14393,-0.251229,0.091928,-0.369106,-0.070074,-0.17388299999999998,-0.12493299999999999,-0.111329,0.111536,0.388488,-0.227135,0.20669899999999997,0.07915,-0.08421000000000001,-0.076045,0.105459,-0.25411999999999996,-0.207102,-0.193645,-0.25856399999999996,-0.063847,0.067743,-0.39724899999999996,-0.066023,1,0
18,A930011O12Rik,0.250931,-0.37211700000000003,-0.539068,0.129049,0.14598,-0.138674,0.042319999999999997,0.108258,-0.48931899999999995,0.379029,-0.091028,0.13406400000000002,0.19917,-0.5595829999999999,-0.324238,0.704883,-0.564671,-0.769072,-0.023609,0.31475,-0.059458000000000004,-0.035141000000000006,0.211245,0.636077,-0.8266100000000001,-0.313033,-0.061502,0.615725,0.195485,0.300248,-0.092912,-0.330208,-0.044312,-0.323768,0.748997,0.234816,-0.219367,0.169322,0.5983189999999999,0.085011,-0.06143099999999999,0.021712000000000002,0.058622,-0.309686,0.133458,-0.0059,-0.194497,-0.813742,0.17553,0.046187,0.163201,0.627682,0.245511,0.741991,-0.599973,-0.302138,0.193502,-0.745057,-0.0012230000000000001,0.46443100000000004,0.018801,0.20456300000000002,-0.487296,0.989655,1,1
19,Braveheart,3.9061199999999996,1.041752,-0.255422,2.230948,-0.9556450000000001,1.8991470000000001,-0.81994,-1.112499,-2.2335979999999998,1.507227,0.7117479999999999,2.196007,0.8636969999999999,-1.142857,-0.665042,0.745223,-0.48189499999999996,-1.586208,-0.961061,1.058265,2.180988,1.914843,2.501641,1.454602,-0.07790599999999999,-0.884,-0.20673200000000003,-0.164472,0.262544,-2.974273,0.30589299999999997,-0.9173399999999999,-0.102246,0.19783599999999998,2.0498990000000004,1.789307,-1.65408,0.527809,0.99349,0.533094,-0.348546,0.432262,-0.716014,-1.2464520000000001,0.784157,-0.144467,-0.120691,-1.5908200000000001,0.31850900000000004,1.470639,-1.839187,1.513053,0.54389,0.505683,0.327382,0.356587,-1.2905200000000001,-0.7002510000000001,0.211065,0.697951,-0.811646,-0.69545,-1.659582,0.994625,1,1
20,mrhl,0.157646,0.10390899999999999,-0.321335,0.008009,0.387719,0.15412599999999999,0.040452999999999996,-0.280072,-0.518871,0.14238299999999998,-0.048736,0.240342,0.139968,-0.039758,-0.177618,0.400636,0.050910000000000004,0.216693,-0.28782199999999997,-0.10718399999999999,-0.516027,0.6738810000000001,-0.050373,0.235832,-0.379565,0.061507000000000006,0.327893,-0.10365,-0.12971,-0.028972,0.036363,-0.098294,0.017254,0.258399,0.23864899999999997,0.091174,-0.386736,-0.162279,0.292232,-0.273173,0.158722,-0.236394,-0.084313,-0.51468,0.026664,-0.19027,0.14994100000000002,-0.19056700000000001,0.127194,0.291799,-0.10896700000000001,0.062242,0.209754,0.077178,-0.204282,-0.42198800000000003,-0.21466999999999997,-0.538912,0.024235,-0.137978,-0.06775,-0.004797999999999999,-0.240213,0.07678099999999999,1,0
21,NONMMUG034886,0.226554,0.069036,-0.24743600000000002,-0.011255,0.271256,0.027613,-0.056430999999999995,-0.162652,-0.243175,0.051153,0.058283,0.087895,0.23948000000000003,-0.0022530000000000002,-0.144128,0.30143200000000003,-0.016630000000000002,0.052554,-0.233109,-0.17432999999999998,-0.22130300000000003,0.375398,-0.12713,0.086202,0.023602,0.301143,0.09372799999999999,0.088624,-0.008816,-0.11104800000000001,-0.041526,-0.009724,0.095815,-0.011066,0.191097,0.119727,-0.197502,-0.024731,0.21247,-0.143509,0.074642,-0.18048699999999998,-0.17862,-0.330074,0.017016999999999997,-0.18296700000000002,0.056666999999999995,-0.262442,0.151403,0.125749,-0.106103,0.134899,0.143744,0.186187,-0.206592,-0.085522,-0.083383,-0.284418,-0.135948,-0.182394,-0.133919,0.133472,-0.34633,0.026538,1,0
22,Dlx6os1,0.5692659999999999,0.106504,-0.17891400000000002,0.281904,-0.022012,-0.090448,0.254224,-0.196123,-0.386131,0.065429,-0.033292,0.206348,0.327268,0.098054,-0.14683,0.472495,-0.8005869999999999,-0.805505,-0.228979,-0.236648,0.33226500000000003,0.10930699999999999,0.416508,0.297321,-0.805914,-0.338118,-0.095631,0.44555500000000003,0.283457,-0.076803,0.017422999999999998,-0.573946,-0.13078599999999999,-0.189576,0.555299,-0.015177000000000001,-0.122368,0.243004,0.403896,-0.257081,0.308788,-0.590967,-0.045028,-0.252367,0.15474200000000002,-0.304749,0.141758,-0.48577600000000004,0.287581,0.16428099999999998,-0.108956,0.103978,0.306632,0.269407,-0.780361,-0.101364,0.215167,-0.557524,-0.49443100000000006,0.000386,-0.044170999999999995,0.50025,-0.406038,0.34874499999999997,1,1
23,5033428I22Rik,0.406827,0.39315300000000003,-0.259846,0.083588,0.097742,-0.367872,0.14256300000000002,-0.253106,-0.562045,0.062572,0.126147,0.45560200000000006,0.292989,-0.14569200000000002,-0.26137,0.258621,-0.515307,-0.7398819999999999,-0.217045,-0.11383800000000001,0.48372200000000004,0.158806,0.22609400000000002,0.16225,-0.7442529999999999,-0.493196,0.124617,0.315304,0.159937,0.047865,-0.144526,-0.5817319999999999,-0.05865,-0.47420200000000007,0.47576499999999994,0.11983699999999999,0.001802,0.24674000000000001,0.556261,-0.513809,-0.19320299999999999,-0.37191399999999997,-0.102197,-0.2126,-0.054134,-0.503386,0.069118,-0.523616,0.256838,0.22058699999999998,-0.464261,0.454557,0.399702,0.047117,-0.669954,-0.10474800000000001,0.13049000000000002,-0.640342,-0.683331,0.012643999999999999,-0.240865,0.241352,-0.33892,0.577702,1,1
24,NONMMUG026355,-0.070577,0.108171,0.112223,-0.209438,0.430734,0.180894,0.126354,-0.12290699999999999,-0.227302,-0.029585000000000004,0.046321,-0.25432,0.261038,-0.241637,-0.11726700000000001,0.21148899999999998,0.032462,-0.27468899999999996,0.475955,0.157225,0.6178060000000001,0.48904200000000003,0.342763,0.5018640000000001,0.094997,0.6239979999999999,0.118599,-0.13910699999999998,-0.15087,-0.439205,0.440881,0.018975,0.195622,0.062898,0.101471,0.403785,-0.34457600000000005,-0.268994,0.4899,-0.008736,-0.18426199999999998,-0.27766,-0.31256999999999996,-0.49060200000000004,-0.183345,0.101201,-0.346891,-0.6003390000000001,0.030608999999999997,0.0466,-0.349168,-0.437126,0.514846,0.011201000000000001,0.212811,0.028087,-0.07283300000000001,-0.43937600000000004,-0.12857000000000002,0.031699,-0.561224,-0.526228,-0.7205779999999999,-0.162824,1,0
25,NONMMUG013851,0.393944,-0.067905,-0.302156,-0.00635,0.267442,-0.011821,-0.009337,-0.126132,0.044241,-0.030862999999999998,0.0336,0.164655,0.19718,0.011459,-0.29539699999999997,0.31649,0.023894,-0.114345,0.279571,-0.188952,0.003849,0.28447100000000003,-0.119676,0.126128,0.10768499999999999,0.311748,0.273334,0.18065,0.034027999999999996,-0.181619,0.002672,-0.21882600000000002,-0.015343,0.056205,0.574838,0.15116400000000002,-0.06085700000000001,-0.008799,0.188924,-0.014756,0.161386,-0.156541,-0.265987,-0.229503,-0.199141,-0.180365,0.018125,-0.28137399999999996,0.116975,0.21169200000000002,-0.22099000000000002,0.25243000000000004,-0.000869,-0.19134,-0.074736,0.071703,0.055574,-0.072778,-0.17188299999999998,0.20388900000000001,-0.00851,0.237727,-0.132635,0.019312,0,0
26,NONMMUG008199,0.322928,0.141824,-0.21872399999999997,0.042122,0.27323000000000003,0.099186,0.014474,-0.035769999999999996,-0.20201,0.036004,0.037719,0.123051,0.28439200000000003,-0.07954800000000001,-0.145807,0.294875,-0.080958,0.060962999999999996,-0.183814,-0.259108,-0.194224,0.294901,-0.108543,0.20517399999999997,-0.078828,0.29379099999999997,0.09919800000000001,0.126083,-0.106206,-0.091874,-0.024053,-0.027942,0.076761,0.037904,0.401009,0.152289,-0.222673,-0.025578999999999998,0.17734,-0.019451,0.128183,-0.20501599999999998,-0.13598,-0.295263,0.002571,-0.074938,-0.033942,-0.16711600000000001,0.175824,0.17388900000000002,-0.091873,0.192689,-0.005850999999999999,-0.006683,-0.28946700000000003,-0.060464,0.055125,-0.184712,-0.219457,-0.012367,-0.11436900000000001,0.055048,-0.293207,-0.048667,0,0
27,NONMMUG039825,0.20218,-0.000433,-0.20192100000000002,-0.040111,0.36847199999999997,0.10546900000000001,0.028243,-0.136453,-0.23551799999999998,-0.027828,0.157916,0.118673,0.170287,0.023503,-0.187931,0.297454,-0.050748,-0.119494,-0.066993,-0.19575,-0.026246,0.203274,-0.245054,0.079694,-0.010085,0.332815,0.282301,0.030338999999999998,0.090266,-0.249462,-0.10598099999999999,-0.045742000000000005,0.225358,-0.027317,0.434421,0.10365899999999999,-0.190736,-0.046534,0.265332,-0.081331,0.11149500000000001,-0.175537,-0.17264000000000002,-0.314227,-0.177753,-0.186334,0.168147,-0.215151,0.203442,0.170439,-0.168159,0.215304,0.142932,0.051459000000000005,-0.248798,-0.066509,-0.211229,-0.264112,-0.056335,0.072224,-0.067353,0.132468,-0.154087,0.140221,0,0
28,NONMMUG007120,0.155387,-0.091738,-0.238573,0.027852999999999996,0.31035,0.126252,0.015711000000000003,-0.15332,-0.222367,-0.060862,0.08634,0.097196,0.223733,0.023016,-0.24900300000000003,0.29430700000000004,-0.049862000000000004,-0.075419,-0.08385,-0.27713899999999997,-0.022118000000000002,0.274052,-0.21964,0.076499,0.014603999999999999,0.327148,0.19709000000000002,0.11170699999999999,0.063954,-0.196042,-0.085772,-0.022188999999999997,0.156539,-0.021601,0.397146,0.087878,-0.214205,-0.012565999999999999,0.256313,-0.083398,0.13234400000000002,-0.181584,-0.173085,-0.285815,-0.12323599999999998,-0.08956499999999999,0.19603800000000002,-0.172947,0.190201,0.158255,-0.202415,0.24209299999999997,0.167946,0.029921,-0.248156,-0.044624000000000004,-0.157667,-0.22658299999999998,-0.016894,0.031935000000000005,-0.053309,0.140286,-0.177705,0.091237,0,0
29,NONMMUG038170,0.191573,-0.061142999999999996,-0.184453,-0.008623,0.378657,0.087863,-0.03578,-0.178607,-0.19447899999999999,-0.047469,0.187227,0.144172,0.12622,0.021669,-0.179221,0.305648,-0.050835000000000005,-0.088308,-0.030335,-0.227377,-0.037956000000000004,0.241186,-0.204536,0.054512,0.005646,0.382198,0.25659899999999997,0.113623,0.041051,-0.245256,-0.059949,-0.073305,0.18115799999999999,0.010324,0.36330999999999997,0.12281800000000001,-0.181989,0.01001,0.30890700000000004,-0.133936,0.189353,-0.119696,-0.13452999999999998,-0.31645500000000004,-0.084602,-0.108822,0.194656,-0.166751,0.214243,0.10721099999999999,-0.172145,0.238144,0.16076300000000002,0.050505,-0.247086,-0.050918,-0.16683,-0.257625,-0.033531,0.049408999999999995,-0.09375399999999999,0.141126,-0.165312,0.064623,0,0
30,NONMMUG031860,0.196269,0.025265,-0.223931,-0.034265,0.19608299999999998,-0.002858,0.006481999999999999,-0.202494,-0.287362,0.016746,0.033198000000000005,0.080388,0.290126,0.051157999999999995,-0.172207,0.275514,-0.003356,0.01884,-0.173182,-0.201195,-0.236508,0.428113,-0.168967,0.088179,-0.072068,0.272656,0.11723399999999999,0.170342,-0.063025,-0.136818,-0.079148,0.022302000000000002,0.116377,-0.015903,0.138676,0.074098,-0.23745700000000003,-0.079625,0.238788,-0.149249,0.034862,-0.180167,-0.213407,-0.412116,-0.05809400000000001,-0.168371,0.06476699999999999,-0.181368,0.07773,0.105896,-0.137353,0.130623,0.10788900000000001,0.09251799999999999,-0.193351,-0.116569,-0.068092,-0.22093400000000002,-0.14625,-0.151605,-0.114934,0.182867,-0.338977,0.018284,0,0
31,NONMMUG036314,0.22527800000000003,-0.020306,-0.211937,0.005337,0.194456,0.034856,-0.014925999999999998,-0.098609,-0.259937,0.067789,0.05644299999999999,0.097349,0.248534,0.033337,-0.186952,0.34242,-0.049386,0.027877,-0.18718900000000002,-0.11658800000000001,-0.246221,0.353394,-0.15801800000000002,0.110229,-0.07302,0.334572,0.106796,0.161188,-0.085645,-0.127115,-0.024063,-0.038421,0.131321,0.020359,0.19121,0.14256,-0.20707199999999998,0.043743000000000004,0.14047,-0.126876,0.044422,-0.164376,-0.211689,-0.395771,0.0029170000000000003,-0.264644,0.047848,-0.21660700000000002,0.084047,0.08628,-0.100091,0.123754,0.07862000000000001,0.137299,-0.20030799999999999,-0.164757,-0.138777,-0.215156,-0.13129200000000002,-0.153032,-0.13605599999999998,0.18937,-0.35562,0.048598,0,0
32,NONMMUG010099,0.20266800000000001,0.088614,-0.22903,-0.035952,0.227548,-0.048691000000000005,-0.015993,-0.115628,-0.310748,0.042724,0.061582000000000005,0.049623,0.310409,0.11174400000000001,-0.139166,0.309987,0.014756,0.061667999999999994,-0.20891700000000002,-0.221958,-0.25169,0.348704,-0.13539500000000002,0.079542,-0.073187,0.279388,0.10285,0.11494000000000001,-0.053445000000000006,-0.163303,-0.091325,0.025646,0.132805,-0.03013,0.15735,0.029524,-0.24543099999999998,-0.057169000000000005,0.230731,-0.168428,0.06260800000000001,-0.203506,-0.214991,-0.404447,-0.034305,-0.202452,0.022071,-0.222545,0.145844,0.180849,-0.09677999999999999,0.146735,0.029608999999999996,0.11626700000000001,-0.209864,-0.078152,-0.08154700000000001,-0.258098,-0.12951,-0.14469300000000002,-0.132825,0.163651,-0.319604,-0.014329,0,0
33,NONMMUG021010,0.24971,0.03313,-0.250971,-0.04478,0.235078,0.023144,-0.028012000000000002,-0.092601,-0.298198,0.047341,-0.034881,0.07546699999999999,0.28784499999999996,0.019821000000000002,-0.206646,0.27166599999999996,-0.008723,0.081573,-0.22115,-0.170721,-0.24206,0.329069,-0.123868,0.11555,-0.051173,0.29238200000000003,0.07657699999999999,0.116834,-0.060903,-0.173513,-0.13916199999999998,0.020371,0.113447,0.014482,0.17556300000000002,0.055018,-0.232974,-0.10411400000000001,0.239238,-0.13783800000000002,0.074369,-0.12961199999999998,-0.121268,-0.354089,-0.050195,-0.148882,0.012748,-0.179812,0.166968,0.173421,-0.144393,0.123037,0.06313400000000001,0.100797,-0.273823,-0.074715,-0.0599,-0.25456599999999996,-0.075204,-0.21834,-0.168095,0.175309,-0.370925,0.017766,0,0
34,NONMMUG020560,0.258652,0.019146,-0.24249400000000002,-0.058369000000000004,0.246788,0.017154,-0.022808000000000002,-0.125513,-0.23030599999999998,-0.026362,0.07074,0.132972,0.302668,0.019763,-0.102532,0.259589,-0.013041,0.050108,-0.186421,-0.175233,-0.201882,0.380019,-0.074545,0.064777,-0.03883,0.26584,0.14603,0.11161800000000001,-0.061265999999999994,-0.151953,-0.081134,0.055233000000000004,0.151507,-0.059602999999999996,0.171389,0.055125,-0.217717,-0.086895,0.227542,-0.145583,0.088898,-0.191939,-0.157627,-0.39724699999999996,-0.007683,-0.181894,0.053831,-0.23579,0.113062,0.104976,-0.09664400000000001,0.155917,0.092776,0.11600999999999999,-0.194892,-0.08054,-0.133089,-0.27107800000000004,-0.133669,-0.139506,-0.16478399999999999,0.159316,-0.38440599999999997,0.018466999999999997,0,0
35,NONMMUG044302,0.207416,0.07736900000000001,-0.21386999999999998,-0.07414,0.206051,0.028586,-0.019775,-0.106902,-0.27536,0.032187,0.009639,0.121699,0.256823,0.05262000000000001,-0.184636,0.360543,-0.015952,0.027074,-0.185596,-0.159418,-0.190171,0.339535,-0.139307,0.10165700000000001,-0.018596,0.29564,0.172242,0.175097,-0.131025,-0.144923,-0.02773,0.019525,0.092308,0.003611,0.134522,0.104172,-0.203443,-0.00895,0.217256,-0.166579,0.073616,-0.203598,-0.172349,-0.366581,-0.091018,-0.146522,-0.000895,-0.188156,0.078105,0.118154,-0.035254,0.13834200000000002,0.07862899999999999,0.183567,-0.236119,-0.057526999999999995,-0.19741,-0.27419,-0.155864,-0.175515,-0.205141,0.182784,-0.33823200000000003,-0.02332,0,0
36,NONMMUG002771,0.21390399999999998,0.035742,-0.233948,0.013497,0.201792,-0.003768,-0.022506,-0.139158,-0.276547,0.030791000000000002,-0.008147,0.146625,0.242877,0.043879,-0.169175,0.30285700000000004,-0.030098000000000003,0.040931999999999996,-0.221266,-0.13916800000000001,-0.21731999999999999,0.300647,-0.147287,0.11227100000000001,-0.045379,0.32373,0.120598,0.144034,-0.10348800000000001,-0.197568,-0.082638,0.018697,0.074164,0.028431,0.173452,0.12096900000000001,-0.224766,-0.049217000000000004,0.174262,-0.159834,0.082912,-0.133552,-0.133507,-0.40034899999999995,-0.088389,-0.143683,0.025181,-0.2231,0.12034500000000001,0.168942,-0.068034,0.14066900000000002,0.14685,0.159326,-0.185896,-0.148285,-0.157875,-0.231807,-0.173044,-0.15350899999999998,-0.181007,0.202217,-0.30996399999999996,-0.007831,0,0
37,NONMMUG009173,0.198682,0.037186000000000004,-0.258272,-0.12130999999999999,0.2257,-0.045134,-0.036614,-0.108483,-0.26946,0.024701,0.018677000000000003,0.028937,0.24817199999999998,-0.012263,-0.122708,0.300794,0.000439,0.029066,-0.24616100000000002,-0.20188599999999998,-0.243996,0.329958,-0.12075799999999999,0.165218,-0.046287,0.333215,0.142148,0.234109,-0.11202100000000001,-0.15548299999999998,-0.050387,-0.012844999999999999,0.06769800000000001,-0.045145,0.127599,0.080719,-0.289515,-0.017927000000000002,0.204494,-0.069548,0.057562,-0.21343499999999999,-0.166177,-0.343493,0.030757999999999997,-0.180964,0.014094999999999998,-0.22392800000000002,0.091815,0.198185,-0.051379999999999995,0.14319500000000002,0.085026,0.18851300000000001,-0.192634,-0.1086,-0.14006500000000002,-0.25109699999999996,-0.15014,-0.09538200000000001,-0.196552,0.176897,-0.330879,-0.031138,0,0
38,NONMMUG043393,0.265488,0.18823399999999998,-0.28205399999999997,0.16212200000000002,0.220504,0.11911500000000001,0.065669,-0.023530000000000002,-0.174948,-0.116602,-0.03067,0.061582000000000005,0.223638,-0.096847,-0.151093,0.310745,-0.170935,0.155615,-0.14567,-0.282168,-0.162893,0.286841,-0.075101,0.129496,-0.008533,0.24329299999999998,0.099752,0.199183,-0.14990699999999998,-0.03368,-0.086592,0.034599,0.21287199999999998,0.076534,0.389531,0.204584,-0.367956,-0.088745,0.054901,-0.023969999999999998,0.186776,-0.20689000000000002,-0.150601,-0.222563,-0.068289,-0.18951199999999999,-0.028855000000000002,-0.109498,0.155372,0.165257,-0.067024,0.217563,-0.0123,0.059898,-0.223611,-0.022658,0.06212,-0.26616,-0.23818000000000003,-0.133597,-0.22671100000000002,0.019202,-0.30849099999999996,-0.050316,0,0
39,NONMMUG031524,0.14571099999999998,-0.181221,-0.200906,-0.137168,0.41935900000000004,0.18470899999999998,0.033706,-0.188604,-0.090126,-0.091317,0.288667,0.016589,0.054059,0.002187,-0.339229,0.295739,0.026888,-0.192552,0.127442,-0.220931,0.034955,0.286576,-0.16558699999999998,-0.027123,0.078375,0.347497,0.337462,0.079843,0.10965699999999999,-0.24284499999999998,-0.0035280000000000003,-0.248102,0.068944,-0.073943,0.61095,0.11625,-0.083824,0.002876,0.32671300000000003,0.043676,0.233619,-0.200477,-0.171787,-0.289472,-0.201476,-0.125639,0.277004,-0.21769000000000002,0.263204,0.11857000000000001,-0.155161,0.190571,0.11180899999999999,-0.069774,-0.2288,-0.06211799999999999,-0.15179700000000002,-0.19931500000000002,0.080455,0.27488,-0.00519,0.20338699999999998,-0.014555000000000002,0.12856900000000002,0,0
40,NONMMUG014034,0.404008,-0.012806,-0.378306,0.125139,0.086198,-0.056434000000000005,-0.0037170000000000003,-0.06897400000000001,-0.025516999999999998,0.001415,0.062709,0.140649,0.292612,0.040742,-0.05660900000000001,0.349693,-0.073482,0.05699,0.002506,-0.09542,-0.065768,0.294117,-0.064603,0.16118,0.21609,0.250971,0.124571,0.454987,-0.014722,-0.057949,-0.19886600000000001,0.085128,0.057290999999999995,-0.025064,0.234327,0.18334,-0.16414600000000001,-0.003087,0.238512,-0.144482,0.042212,-0.141559,-0.284762,-0.337494,0.03996,-0.14623,-0.048148,-0.219335,0.05716,0.17686400000000002,-0.006689,0.20336300000000002,0.21767899999999998,0.142208,0.016438,0.21388800000000002,-0.08775,-0.26827,-0.249542,-0.334877,-0.298707,0.33872199999999997,-0.33855999999999997,-0.022323,0,0
41,NONMMUG041948,0.113419,-0.063718,-0.157341,-0.180078,0.193655,0.08052999999999999,0.027707,-0.152883,-0.17332,0.012444,0.078608,0.133358,0.323395,-0.038133999999999994,-0.257063,0.390592,0.165629,0.011002,-0.0013050000000000002,-0.158211,-0.268991,0.360291,-0.015338999999999998,-0.077543,-0.06798799999999999,0.256806,0.190965,0.019066,-0.175848,-0.141738,0.06423,-0.165744,-0.101859,-0.00126,0.326246,0.045083,-0.06445,-0.093026,0.32661100000000004,-0.072104,-0.023088,-0.189685,-0.11291400000000001,-0.349207,-0.086768,-0.191712,0.051177999999999994,-0.349518,0.180887,0.088948,-0.03308,0.230481,0.021994999999999997,0.028092000000000002,-0.10913099999999999,-0.192523,-0.013324,-0.105656,-0.0017219999999999998,-0.02111,-0.050105000000000004,0.189499,-0.24615599999999999,0.033714,0,0
42,NONMMUG043843,0.136419,-0.10801199999999998,-0.186225,-0.113131,0.156647,0.00775,0.038561,-0.17408099999999999,-0.208094,0.041082,0.14394400000000002,0.082602,0.308115,-0.053973,-0.17610499999999998,0.38342,0.12084600000000001,0.028114999999999998,0.01575,-0.178291,-0.287313,0.365392,-0.048594,-0.044149,-0.055727,0.22821100000000002,0.24972199999999997,0.017369,-0.11945599999999999,-0.157335,0.046103,-0.143332,-0.129828,-0.06623,0.31147199999999997,0.087877,-0.12138,-0.041533999999999995,0.25058,-0.024454,-0.024704,-0.198694,-0.156972,-0.339132,-0.167714,-0.226652,0.002435,-0.31763800000000003,0.141213,0.096775,-0.009091,0.17799700000000002,0.092504,0.0037240000000000003,-0.18343399999999999,-0.18812,-0.077146,-0.16086099999999998,0.029102,0.002704,-0.095277,0.21925,-0.28629099999999996,0.009427,0,0
43,NONMMUG034060,0.130024,-0.029879000000000003,-0.142688,-0.15673299999999998,0.24216500000000002,-0.002566,0.052188,-0.223181,-0.232359,0.047779,0.135677,0.12176300000000001,0.31209000000000003,-0.099256,-0.180791,0.339553,0.16371,0.021299000000000002,-0.08719,-0.16214800000000001,-0.252525,0.36544899999999997,0.003125,-0.091673,0.019758,0.213835,0.210193,0.076396,-0.177458,-0.14625,0.19362100000000002,-0.248638,-0.055853999999999994,0.0077469999999999995,0.309768,0.098437,-0.08985,-0.066957,0.24329800000000001,-0.007536,-0.052436,-0.172033,-0.174032,-0.371345,-0.081098,-0.22422199999999998,0.102367,-0.325633,0.12214100000000001,0.14766300000000002,0.06647,0.17339300000000002,0.071289,0.018005,-0.14535499999999998,-0.120977,-0.064601,-0.182001,-0.078926,0.045755000000000004,-0.124083,0.209287,-0.226613,0.11423499999999999,0,0
44,Gm13574,0.103903,-0.033922,-0.188346,-0.137693,0.21837399999999998,-0.03045,-0.010924,-0.209369,-0.184276,0.050233,0.08156000000000001,0.136904,0.26569699999999996,-0.007647,-0.23032800000000003,0.33053699999999997,0.19242599999999999,-0.028804000000000003,-0.048798,-0.165715,-0.296969,0.377288,0.036369,0.0050869999999999995,-0.054715999999999994,0.22184099999999998,0.118728,0.06454,-0.118145,-0.08571000000000001,0.09257,-0.209152,-0.041108,-0.053759,0.305703,0.10531099999999999,-0.07806,-0.040144,0.240614,-0.064946,0.045017,-0.152598,-0.144537,-0.406889,-0.072572,-0.191505,0.060490999999999996,-0.32553000000000004,0.167533,0.19073900000000002,0.027493,0.172099,0.031398,-0.021063,-0.073526,-0.14869300000000002,0.010339,-0.176851,-0.04455,-0.001853,-0.11199,0.16486800000000001,-0.224281,-0.011475,0,0
45,NONMMUG036495,0.27613699999999997,0.133996,-0.183068,0.027969,0.163442,0.00894,-0.027693000000000002,-0.013808,-0.34442399999999995,-0.015399000000000001,-0.057615999999999994,0.13503099999999998,0.220033,0.053798,-0.069118,0.340501,-0.059294000000000006,0.076147,-0.214863,-0.204567,-0.144572,0.342316,-0.141869,0.11141400000000001,-0.034677,0.307747,0.14772000000000002,0.30559400000000003,-0.067539,-0.091059,-0.291487,0.073295,0.240731,0.061711,0.035537,0.110703,-0.349649,-0.064844,0.174628,-0.1913,0.06614600000000001,-0.201603,-0.257511,-0.401856,0.026971,-0.089939,0.071238,-0.036537,0.159919,0.21339,-0.044238,0.095789,0.134391,0.328869,-0.134214,-0.009845,-0.21676700000000002,-0.408873,-0.088982,-0.267042,-0.238215,0.11323,-0.334251,0.025973000000000003,0,0
46,NONMMUG033434,0.252303,0.144814,-0.22337100000000001,-0.035991,0.12155,0.10669200000000001,-0.019154,-0.042503,-0.269109,0.021018000000000002,-0.029817000000000003,0.034931,0.234699,0.151061,-0.082758,0.299693,-0.006845,0.035198,-0.226187,-0.137878,-0.11905999999999999,0.356763,-0.220676,0.116895,-0.017217,0.298018,0.088882,0.27121300000000004,-0.082134,-0.135937,-0.28583000000000003,0.085408,0.256648,0.060759,0.019953,0.15651500000000002,-0.312721,-0.004169,0.21781199999999998,-0.155723,0.13467,-0.161196,-0.19125599999999998,-0.37099699999999997,0.087826,-0.095376,0.058820000000000004,-0.16020399999999999,0.10483699999999999,0.17789000000000002,-0.10983699999999999,0.13180899999999998,0.09854700000000001,0.38818800000000003,-0.210721,0.040695,-0.14740699999999998,-0.389872,-0.15173399999999998,-0.23505500000000001,-0.1512,0.134801,-0.314882,-0.023804,0,0
47,NONMMUG039437,0.32424200000000003,0.11918800000000002,-0.234839,0.031636000000000004,0.17139000000000001,0.01514,-0.010687,0.017691,-0.357731,0.054585,-0.018376,0.051608,0.210173,0.097333,-0.021113,0.28834499999999996,-0.099085,0.093575,-0.22780599999999998,-0.10948900000000002,-0.135515,0.392892,-0.180239,0.133088,0.018348,0.328027,0.098815,0.2215,-0.06771100000000001,-0.08344,-0.22748400000000002,0.14419,0.29173899999999997,0.08199,0.122242,0.2059,-0.282729,-0.052559,0.147321,-0.173775,0.105774,-0.177272,-0.16882,-0.423019,0.104531,-0.07799600000000001,0.027304000000000002,-0.187177,0.132497,0.175154,-0.089479,0.08667899999999999,0.045818,0.328999,-0.185806,-0.049986,-0.134241,-0.42578,-0.072641,-0.307161,-0.189479,0.122955,-0.29649699999999996,0.012434,0,0
48,NONMMUG009235,0.250967,0.14007999999999998,-0.307994,0.043168,0.158775,0.022446999999999998,-0.095621,-0.018269,-0.280686,0.008199,-0.062821,0.040244999999999996,0.1894,0.09917100000000001,-0.021403,0.31332899999999997,-0.085007,0.061019000000000004,-0.265488,-0.140817,-0.10446400000000002,0.322267,-0.21624200000000002,0.152311,0.10656500000000001,0.34423200000000004,0.172004,0.282304,-0.128334,-0.071161,-0.249573,0.095455,0.24897800000000003,0.034062,0.07736,0.134418,-0.285698,0.0059229999999999994,0.128636,-0.045745999999999995,0.083462,-0.16475499999999998,-0.251539,-0.331994,0.068647,-0.059222000000000004,0.083899,-0.184495,0.141458,0.195723,-0.043575,0.074337,0.08265,0.33082,-0.257654,0.053838,-0.205803,-0.42873100000000003,-0.11776099999999999,-0.28213699999999997,-0.20668000000000003,0.149857,-0.359982,0.007201000000000001,0,0
49,NONMMUG035589,0.155906,-0.119923,-0.237919,-0.166545,0.6200979999999999,0.076271,0.159012,-0.183898,-0.051302,-0.186873,0.3032,-0.089296,0.24055700000000002,0.21468,-0.41520200000000007,0.013238,-0.13073800000000002,-0.21389499999999997,0.350981,-0.156912,0.156404,0.213592,-0.34016399999999997,0.013437000000000001,0.166683,0.329827,0.302523,0.125054,0.310249,-0.338378,-0.308611,-0.184144,0.127813,-0.144203,0.758088,0.137964,-0.383577,-0.007373,0.41727,0.190669,0.35425700000000004,-0.033163,-0.295466,-0.357603,-0.262048,-0.003282,0.481692,0.033467000000000004,0.328364,0.222781,-0.27176100000000003,0.10143200000000001,0.400631,-0.046118,-0.396945,0.064704,-0.076664,-0.065236,0.266507,0.294668,0.07582699999999999,0.084613,0.170529,-0.005308,0,0
