label,accuracy,precision,sensitivity,specificity,F1_score,MCC,AUROC,AUPR
label,0.88,0.952,0.8,0.96,0.87,0.77,0.931,0.955
label0,0.6,0.609,0.56,0.64,0.583,0.201,0.645,0.588
label1,0.54,0.538,0.56,0.52,0.549,0.08,0.509,0.502
label2,0.34,0.367,0.44,0.24,0.4,-0.327,0.371,0.428
label3,0.38,0.385,0.4,0.36,0.392,-0.24,0.28,0.366
label4,0.46,0.462,0.48,0.44,0.471,-0.08,0.461,0.434
label5,0.66,0.7,0.56,0.76,0.622,0.327,0.646,0.573
label6,0.54,0.542,0.52,0.56,0.531,0.08,0.558,0.49
label7,0.56,0.56,0.56,0.56,0.56,0.12,0.534,0.478
label8,0.48,0.483,0.56,0.4,0.519,-0.041,0.434,0.541
label9,0.58,0.571,0.64,0.52,0.604,0.161,0.504,0.471
label10,0.64,0.64,0.64,0.64,0.64,0.28,0.632,0.608
label11,0.66,0.654,0.68,0.64,0.667,0.32,0.686,0.691
label12,0.44,0.448,0.52,0.36,0.481,-0.122,0.386,0.406
label13,0.48,0.478,0.44,0.52,0.458,-0.04,0.506,0.586
label14,0.52,0.52,0.52,0.52,0.52,0.04,0.538,0.539
label15,0.52,0.52,0.52,0.52,0.52,0.04,0.53,0.516
label16,0.48,0.478,0.44,0.52,0.458,-0.04,0.472,0.565
label17,0.48,0.483,0.56,0.4,0.519,-0.041,0.523,0.605
label18,0.44,0.44,0.44,0.44,0.44,-0.12,0.453,0.501
label19,0.44,0.429,0.36,0.52,0.391,-0.122,0.488,0.545
label20,0.46,0.455,0.4,0.52,0.426,-0.081,0.475,0.489
label21,0.18,0.192,0.2,0.16,0.196,-0.641,0.12,0.323
label22,0.56,0.556,0.6,0.52,0.577,0.12,0.454,0.446
label23,0.56,0.56,0.56,0.56,0.56,0.12,0.506,0.465
label24,0.4,0.407,0.44,0.36,0.423,-0.201,0.357,0.403
label25,0.44,0.44,0.44,0.44,0.44,-0.12,0.475,0.479
label26,0.46,0.462,0.48,0.44,0.471,-0.08,0.374,0.402
label27,0.54,0.542,0.52,0.56,0.531,0.08,0.526,0.499
label28,0.36,0.387,0.48,0.24,0.429,-0.288,0.333,0.402
label29,0.52,0.519,0.56,0.48,0.538,0.04,0.506,0.509
label30,0.48,0.481,0.52,0.44,0.5,-0.04,0.474,0.575
label31,0.4,0.4,0.4,0.4,0.4,-0.2,0.342,0.446
label32,0.54,0.545,0.48,0.6,0.511,0.081,0.534,0.488
label33,0.52,0.519,0.56,0.48,0.538,0.04,0.534,0.472
label34,0.32,0.286,0.24,0.4,0.261,-0.365,0.298,0.373
label35,0.46,0.458,0.44,0.48,0.449,-0.08,0.443,0.491
label36,0.54,0.536,0.6,0.48,0.566,0.081,0.594,0.668
label37,0.38,0.406,0.52,0.24,0.456,-0.25,0.422,0.459
label38,0.64,0.63,0.68,0.6,0.654,0.281,0.587,0.54
label39,0.36,0.294,0.2,0.52,0.238,-0.296,0.317,0.415
label40,0.68,0.68,0.68,0.68,0.68,0.36,0.718,0.68
label41,0.38,0.375,0.36,0.4,0.367,-0.24,0.334,0.426
label42,0.5,0.5,0.48,0.52,0.49,0,0.512,0.495
label43,0.5,0.5,0.4,0.6,0.444,0,0.411,0.446
label44,0.5,0.5,0.4,0.6,0.444,0,0.397,0.424
label45,0.38,0.385,0.4,0.36,0.392,-0.24,0.406,0.495
label46,0.56,0.56,0.56,0.56,0.56,0.12,0.491,0.495
label47,0.48,0.476,0.4,0.56,0.435,-0.041,0.413,0.464
label48,0.56,0.571,0.48,0.64,0.522,0.122,0.608,0.583
label49,0.44,0.444,0.48,0.4,0.462,-0.12,0.398,0.42
label50,0.4,0.419,0.52,0.28,0.464,-0.206,0.402,0.443
label51,0.62,0.636,0.56,0.68,0.596,0.242,0.674,0.616
label52,0.4,0.407,0.44,0.36,0.423,-0.201,0.36,0.392
label53,0.44,0.44,0.44,0.44,0.44,-0.12,0.398,0.475
label54,0.52,0.522,0.48,0.56,0.5,0.04,0.48,0.501
label55,0.62,0.615,0.64,0.6,0.627,0.24,0.659,0.595
label56,0.48,0.484,0.6,0.36,0.536,-0.041,0.493,0.562
label57,0.62,0.615,0.64,0.6,0.627,0.24,0.584,0.527
label58,0.46,0.462,0.48,0.44,0.471,-0.08,0.398,0.411
label59,0.4,0.4,0.4,0.4,0.4,-0.2,0.381,0.458
label60,0.46,0.444,0.32,0.6,0.372,-0.083,0.416,0.429
label61,0.46,0.455,0.4,0.52,0.426,-0.081,0.326,0.387
label62,0.4,0.4,0.4,0.4,0.4,-0.2,0.413,0.418
label63,0.54,0.545,0.48,0.6,0.511,0.081,0.411,0.437
label64,0.48,0.481,0.52,0.44,0.5,-0.04,0.427,0.43
label65,0.5,0.5,0.52,0.48,0.51,0,0.435,0.495
label66,0.48,0.481,0.52,0.44,0.5,-0.04,0.405,0.44
label67,0.6,0.593,0.64,0.56,0.615,0.201,0.598,0.586
label68,0.68,0.68,0.68,0.68,0.68,0.36,0.685,0.647
label69,0.6,0.6,0.6,0.6,0.6,0.2,0.658,0.702
label70,0.44,0.448,0.52,0.36,0.481,-0.122,0.325,0.382
label71,0.5,0.5,0.48,0.52,0.49,0,0.442,0.439
label72,0.52,0.522,0.48,0.56,0.5,0.04,0.525,0.514
label73,0.52,0.519,0.56,0.48,0.538,0.04,0.528,0.489
label74,0.56,0.552,0.64,0.48,0.593,0.122,0.566,0.549
label75,0.52,0.522,0.48,0.56,0.5,0.04,0.48,0.462
label76,0.3,0.333,0.4,0.2,0.364,-0.408,0.219,0.348
label77,0.48,0.481,0.52,0.44,0.5,-0.04,0.342,0.39
label78,0.54,0.542,0.52,0.56,0.531,0.08,0.536,0.537
label79,0.6,0.6,0.6,0.6,0.6,0.2,0.578,0.507
label80,0.24,0.29,0.36,0.12,0.321,-0.536,0.224,0.363
label81,0.46,0.458,0.44,0.48,0.449,-0.08,0.52,0.615
label82,0.44,0.452,0.56,0.32,0.5,-0.124,0.435,0.447
label83,0.54,0.55,0.44,0.64,0.489,0.082,0.598,0.518
label84,0.64,0.64,0.64,0.64,0.64,0.28,0.658,0.609
label85,0.52,0.52,0.52,0.52,0.52,0.04,0.496,0.472
label86,0.46,0.455,0.4,0.52,0.426,-0.081,0.546,0.524
label87,0.48,0.478,0.44,0.52,0.458,-0.04,0.461,0.448
label88,0.42,0.409,0.36,0.48,0.383,-0.161,0.35,0.394
label89,0.58,0.591,0.52,0.64,0.553,0.161,0.571,0.545
label90,0.56,0.556,0.6,0.52,0.577,0.12,0.554,0.565
label91,0.56,0.556,0.6,0.52,0.577,0.12,0.538,0.509
label92,0.46,0.462,0.48,0.44,0.471,-0.08,0.344,0.394
label93,0.56,0.556,0.6,0.52,0.577,0.12,0.618,0.663
label94,0.48,0.478,0.44,0.52,0.458,-0.04,0.531,0.495
label95,0.46,0.462,0.48,0.44,0.471,-0.08,0.533,0.539
label96,0.42,0.409,0.36,0.48,0.383,-0.161,0.418,0.42
label97,0.52,0.522,0.48,0.56,0.5,0.04,0.418,0.427
label98,0.42,0.409,0.36,0.48,0.383,-0.161,0.427,0.436
label99,0.38,0.375,0.36,0.4,0.367,-0.24,0.462,0.493
label100,0.44,0.412,0.28,0.6,0.333,-0.127,0.398,0.435
label101,0.58,0.567,0.68,0.48,0.618,0.163,0.581,0.526
label102,0.42,0.423,0.44,0.4,0.431,-0.16,0.44,0.45
label103,0.48,0.478,0.44,0.52,0.458,-0.04,0.515,0.473
label104,0.36,0.36,0.36,0.36,0.36,-0.28,0.317,0.418
label105,0.44,0.44,0.44,0.44,0.44,-0.12,0.44,0.439
label106,0.46,0.458,0.44,0.48,0.449,-0.08,0.514,0.487
label107,0.44,0.44,0.44,0.44,0.44,-0.12,0.483,0.517
label108,0.32,0.304,0.28,0.36,0.292,-0.361,0.288,0.384
label109,0.54,0.545,0.48,0.6,0.511,0.081,0.547,0.506
label110,0.54,0.536,0.6,0.48,0.566,0.081,0.552,0.501
label111,0.66,0.633,0.76,0.56,0.691,0.327,0.71,0.77
label112,0.4,0.4,0.4,0.4,0.4,-0.2,0.342,0.396
label113,0.54,0.538,0.56,0.52,0.549,0.08,0.507,0.463
label114,0.6,0.586,0.68,0.52,0.63,0.203,0.555,0.523
label115,0.54,0.538,0.56,0.52,0.549,0.08,0.469,0.448
label116,0.5,0.5,0.4,0.6,0.444,0,0.456,0.456
label117,0.48,0.476,0.4,0.56,0.435,-0.041,0.389,0.413
label118,0.4,0.414,0.48,0.32,0.444,-0.203,0.41,0.437
label119,0.6,0.6,0.6,0.6,0.6,0.2,0.592,0.526
label120,0.52,0.52,0.52,0.52,0.52,0.04,0.534,0.524
label121,0.56,0.56,0.56,0.56,0.56,0.12,0.515,0.465
label122,0.48,0.478,0.44,0.52,0.458,-0.04,0.475,0.462
label123,0.4,0.4,0.4,0.4,0.4,-0.2,0.376,0.435
label124,0.52,0.517,0.6,0.44,0.556,0.041,0.51,0.497
label125,0.42,0.423,0.44,0.4,0.431,-0.16,0.397,0.425
label126,0.46,0.458,0.44,0.48,0.449,-0.08,0.392,0.502
label127,0.52,0.522,0.48,0.56,0.5,0.04,0.536,0.588
label128,0.44,0.455,0.6,0.28,0.517,-0.127,0.49,0.503
label129,0.44,0.444,0.48,0.4,0.462,-0.12,0.459,0.449
label130,0.5,0.5,0.48,0.52,0.49,0,0.522,0.504
label131,0.36,0.36,0.36,0.36,0.36,-0.28,0.278,0.368
label132,0.38,0.375,0.36,0.4,0.367,-0.24,0.352,0.394
label133,0.52,0.517,0.6,0.44,0.556,0.041,0.509,0.618
label134,0.54,0.538,0.56,0.52,0.549,0.08,0.507,0.462
label135,0.4,0.391,0.36,0.44,0.375,-0.201,0.411,0.455
label136,0.58,0.577,0.6,0.56,0.588,0.16,0.618,0.593
label137,0.44,0.444,0.48,0.4,0.462,-0.12,0.357,0.394
label138,0.36,0.36,0.36,0.36,0.36,-0.28,0.392,0.416
label139,0.46,0.464,0.52,0.4,0.491,-0.081,0.405,0.486
label140,0.44,0.444,0.48,0.4,0.462,-0.12,0.485,0.47
label141,0.44,0.44,0.44,0.44,0.44,-0.12,0.39,0.418
label142,0.54,0.533,0.64,0.44,0.582,0.082,0.464,0.445
label143,0.46,0.464,0.52,0.4,0.491,-0.081,0.453,0.438
label144,0.34,0.367,0.44,0.24,0.4,-0.327,0.232,0.352
label145,0.5,0.5,0.52,0.48,0.51,0,0.454,0.505
label146,0.44,0.44,0.44,0.44,0.44,-0.12,0.41,0.419
label147,0.54,0.536,0.6,0.48,0.566,0.081,0.55,0.522
label148,0.42,0.429,0.48,0.36,0.453,-0.161,0.416,0.434
label149,0.6,0.6,0.6,0.6,0.6,0.2,0.581,0.553
label150,0.38,0.375,0.36,0.4,0.367,-0.24,0.312,0.382
label151,0.42,0.409,0.36,0.48,0.383,-0.161,0.37,0.451
label152,0.28,0.296,0.32,0.24,0.308,-0.441,0.21,0.388
label153,0.32,0.304,0.28,0.36,0.292,-0.361,0.2,0.344
label154,0.54,0.556,0.4,0.68,0.465,0.083,0.584,0.53
label155,0.42,0.423,0.44,0.4,0.431,-0.16,0.347,0.407
label156,0.42,0.409,0.36,0.48,0.383,-0.161,0.408,0.416
label157,0.5,0.5,0.52,0.48,0.51,0,0.501,0.491
label158,0.44,0.429,0.36,0.52,0.391,-0.122,0.378,0.428
label159,0.44,0.429,0.36,0.52,0.391,-0.122,0.395,0.417
label160,0.42,0.4,0.32,0.52,0.356,-0.163,0.405,0.413
label161,0.38,0.385,0.4,0.36,0.392,-0.24,0.354,0.422
label162,0.42,0.429,0.48,0.36,0.453,-0.161,0.43,0.433
label163,0.42,0.417,0.4,0.44,0.408,-0.16,0.39,0.432
label164,0.52,0.526,0.4,0.64,0.455,0.041,0.51,0.505
label165,0.42,0.429,0.48,0.36,0.453,-0.161,0.363,0.406
label166,0.6,0.586,0.68,0.52,0.63,0.203,0.546,0.5
label167,0.58,0.591,0.52,0.64,0.553,0.161,0.538,0.623
label168,0.5,0.5,0.56,0.44,0.528,0,0.464,0.438
label169,0.6,0.586,0.68,0.52,0.63,0.203,0.554,0.559
label170,0.48,0.481,0.52,0.44,0.5,-0.04,0.47,0.497
label171,0.32,0.333,0.36,0.28,0.346,-0.361,0.254,0.359
label172,0.54,0.542,0.52,0.56,0.531,0.08,0.602,0.589
label173,0.44,0.44,0.44,0.44,0.44,-0.12,0.454,0.481
label174,0.66,0.654,0.68,0.64,0.667,0.32,0.674,0.716
label175,0.46,0.458,0.44,0.48,0.449,-0.08,0.49,0.486
label176,0.52,0.516,0.64,0.4,0.571,0.041,0.494,0.462
label177,0.54,0.536,0.6,0.48,0.566,0.081,0.566,0.564
label178,0.52,0.522,0.48,0.56,0.5,0.04,0.568,0.547
label179,0.44,0.444,0.48,0.4,0.462,-0.12,0.514,0.617
label180,0.48,0.48,0.48,0.48,0.48,-0.04,0.4,0.42
label181,0.4,0.4,0.4,0.4,0.4,-0.2,0.442,0.485
label182,0.42,0.429,0.48,0.36,0.453,-0.161,0.426,0.556
label183,0.54,0.542,0.52,0.56,0.531,0.08,0.509,0.473
label184,0.4,0.381,0.32,0.48,0.348,-0.203,0.453,0.54
label185,0.56,0.556,0.6,0.52,0.577,0.12,0.592,0.599
label186,0.48,0.483,0.56,0.4,0.519,-0.041,0.419,0.423
label187,0.24,0.259,0.28,0.2,0.269,-0.522,0.174,0.338
label188,0.32,0.333,0.36,0.28,0.346,-0.361,0.266,0.365
label189,0.46,0.462,0.48,0.44,0.471,-0.08,0.43,0.493
label190,0.54,0.538,0.56,0.52,0.549,0.08,0.666,0.603
label191,0.54,0.556,0.4,0.68,0.465,0.083,0.525,0.487
label192,0.6,0.6,0.6,0.6,0.6,0.2,0.51,0.485
label193,0.56,0.56,0.56,0.56,0.56,0.12,0.522,0.48
label194,0.6,0.593,0.64,0.56,0.615,0.201,0.55,0.504
label195,0.5,0.5,0.44,0.56,0.468,0,0.501,0.461
label196,0.44,0.429,0.36,0.52,0.391,-0.122,0.493,0.449
label197,0.52,0.519,0.56,0.48,0.538,0.04,0.442,0.438
label198,0.52,0.52,0.52,0.52,0.52,0.04,0.504,0.47
label199,0.48,0.48,0.48,0.48,0.48,-0.04,0.475,0.458
label200,0.46,0.464,0.52,0.4,0.491,-0.081,0.397,0.471
label201,0.42,0.417,0.4,0.44,0.408,-0.16,0.421,0.447
label202,0.38,0.385,0.4,0.36,0.392,-0.24,0.326,0.382
label203,0.56,0.556,0.6,0.52,0.577,0.12,0.533,0.498
label204,0.46,0.462,0.48,0.44,0.471,-0.08,0.395,0.41
label205,0.54,0.533,0.64,0.44,0.582,0.082,0.446,0.439
label206,0.52,0.517,0.6,0.44,0.556,0.041,0.568,0.559
label207,0.56,0.556,0.6,0.52,0.577,0.12,0.538,0.496
label208,0.56,0.548,0.68,0.44,0.607,0.124,0.523,0.542
label209,0.48,0.483,0.56,0.4,0.519,-0.041,0.443,0.488
label210,0.32,0.304,0.28,0.36,0.292,-0.361,0.344,0.43
label211,0.5,0.5,0.6,0.4,0.545,0,0.45,0.437
label212,0.54,0.538,0.56,0.52,0.549,0.08,0.592,0.515
label213,0.38,0.4,0.48,0.28,0.436,-0.245,0.35,0.397
label214,0.6,0.593,0.64,0.56,0.615,0.201,0.586,0.547
label215,0.46,0.462,0.48,0.44,0.471,-0.08,0.432,0.484
label216,0.58,0.567,0.68,0.48,0.618,0.163,0.608,0.559
label217,0.24,0.259,0.28,0.2,0.269,-0.522,0.203,0.366
label218,0.62,0.615,0.64,0.6,0.627,0.24,0.594,0.546
label219,0.6,0.609,0.56,0.64,0.583,0.201,0.608,0.571
label220,0.48,0.481,0.52,0.44,0.5,-0.04,0.47,0.482
label221,0.5,0.5,0.48,0.52,0.49,0,0.462,0.493
label222,0.5,0.5,0.56,0.44,0.528,0,0.523,0.566
label223,0.38,0.385,0.4,0.36,0.392,-0.24,0.362,0.411
label224,0.46,0.458,0.44,0.48,0.449,-0.08,0.402,0.444
label225,0.28,0.28,0.28,0.28,0.28,-0.44,0.23,0.352
label226,0.58,0.583,0.56,0.6,0.571,0.16,0.573,0.535
label227,0.38,0.385,0.4,0.36,0.392,-0.24,0.405,0.491
label228,0.32,0.355,0.44,0.2,0.393,-0.371,0.269,0.385
label229,0.56,0.56,0.56,0.56,0.56,0.12,0.517,0.565
label230,0.64,0.63,0.68,0.6,0.654,0.281,0.643,0.568
label231,0.4,0.4,0.4,0.4,0.4,-0.2,0.354,0.435
label232,0.44,0.44,0.44,0.44,0.44,-0.12,0.398,0.408
label233,0.42,0.423,0.44,0.4,0.431,-0.16,0.283,0.372
label234,0.34,0.367,0.44,0.24,0.4,-0.327,0.262,0.361
label235,0.4,0.381,0.32,0.48,0.348,-0.203,0.426,0.432
label236,0.36,0.348,0.32,0.4,0.333,-0.281,0.366,0.434
label237,0.52,0.519,0.56,0.48,0.538,0.04,0.482,0.454
label238,0.4,0.391,0.36,0.44,0.375,-0.201,0.39,0.43
label239,0.6,0.632,0.48,0.72,0.545,0.206,0.52,0.644
label240,0.62,0.625,0.6,0.64,0.612,0.24,0.682,0.618
label241,0.4,0.391,0.36,0.44,0.375,-0.201,0.408,0.462
label242,0.58,0.583,0.56,0.6,0.571,0.16,0.56,0.569
label243,0.54,0.542,0.52,0.56,0.531,0.08,0.523,0.52
label244,0.32,0.32,0.32,0.32,0.32,-0.36,0.266,0.361
label245,0.42,0.409,0.36,0.48,0.383,-0.161,0.374,0.403
label246,0.38,0.375,0.36,0.4,0.367,-0.24,0.381,0.405
label247,0.3,0.333,0.4,0.2,0.364,-0.408,0.256,0.368
label248,0.44,0.44,0.44,0.44,0.44,-0.12,0.435,0.481
label249,0.4,0.414,0.48,0.32,0.444,-0.203,0.317,0.383
label250,0.42,0.417,0.4,0.44,0.408,-0.16,0.298,0.374
label251,0.6,0.609,0.56,0.64,0.583,0.201,0.605,0.61
label252,0.48,0.48,0.48,0.48,0.48,-0.04,0.52,0.532
label253,0.48,0.476,0.4,0.56,0.435,-0.041,0.475,0.447
label254,0.48,0.476,0.4,0.56,0.435,-0.041,0.464,0.562
label255,0.4,0.4,0.4,0.4,0.4,-0.2,0.362,0.426
label256,0.3,0.292,0.28,0.32,0.286,-0.4,0.342,0.403
label257,0.56,0.552,0.64,0.48,0.593,0.122,0.446,0.43
label258,0.44,0.448,0.52,0.36,0.481,-0.122,0.397,0.414
label259,0.62,0.636,0.56,0.68,0.596,0.242,0.733,0.768
label260,0.66,0.667,0.64,0.68,0.653,0.32,0.683,0.637
label261,0.4,0.414,0.48,0.32,0.444,-0.203,0.362,0.403
label262,0.56,0.556,0.6,0.52,0.577,0.12,0.611,0.643
label263,0.5,0.5,0.56,0.44,0.528,0,0.43,0.426
label264,0.48,0.48,0.48,0.48,0.48,-0.04,0.418,0.428
label265,0.44,0.444,0.48,0.4,0.462,-0.12,0.44,0.572
label266,0.5,0.5,0.52,0.48,0.51,0,0.474,0.509
label267,0.62,0.607,0.68,0.56,0.642,0.242,0.642,0.655
label268,0.48,0.481,0.52,0.44,0.5,-0.04,0.509,0.487
label269,0.38,0.385,0.4,0.36,0.392,-0.24,0.366,0.451
label270,0.64,0.621,0.72,0.56,0.667,0.284,0.662,0.607
label271,0.36,0.294,0.2,0.52,0.238,-0.296,0.37,0.416
label272,0.4,0.407,0.44,0.36,0.423,-0.201,0.358,0.399
label273,0.56,0.552,0.64,0.48,0.593,0.122,0.622,0.602
label274,0.3,0.273,0.24,0.36,0.255,-0.403,0.21,0.346
label275,0.54,0.536,0.6,0.48,0.566,0.081,0.51,0.464
label276,0.58,0.571,0.64,0.52,0.604,0.161,0.506,0.481
label277,0.62,0.615,0.64,0.6,0.627,0.24,0.686,0.721
label278,0.46,0.462,0.48,0.44,0.471,-0.08,0.405,0.421
label279,0.26,0.25,0.24,0.28,0.245,-0.48,0.194,0.341
label280,0.48,0.478,0.44,0.52,0.458,-0.04,0.459,0.441
label281,0.44,0.435,0.4,0.48,0.417,-0.12,0.294,0.375
label282,0.46,0.458,0.44,0.48,0.449,-0.08,0.494,0.518
label283,0.34,0.318,0.28,0.4,0.298,-0.322,0.33,0.395
label284,0.4,0.407,0.44,0.36,0.423,-0.201,0.344,0.418
label285,0.46,0.462,0.48,0.44,0.471,-0.08,0.453,0.445
label286,0.48,0.481,0.52,0.44,0.5,-0.04,0.394,0.47
label287,0.5,0.5,0.56,0.44,0.528,0,0.438,0.432
label288,0.64,0.64,0.64,0.64,0.64,0.28,0.674,0.666
label289,0.56,0.56,0.56,0.56,0.56,0.12,0.574,0.574
label290,0.38,0.375,0.36,0.4,0.367,-0.24,0.349,0.396
label291,0.58,0.577,0.6,0.56,0.588,0.16,0.496,0.498
label292,0.64,0.621,0.72,0.56,0.667,0.284,0.653,0.571
label293,0.52,0.519,0.56,0.48,0.538,0.04,0.462,0.55
label294,0.56,0.56,0.56,0.56,0.56,0.12,0.574,0.666
label295,0.42,0.429,0.48,0.36,0.453,-0.161,0.426,0.506
label296,0.62,0.625,0.6,0.64,0.612,0.24,0.56,0.565
label297,0.32,0.304,0.28,0.36,0.292,-0.361,0.251,0.403
label298,0.42,0.417,0.4,0.44,0.408,-0.16,0.365,0.478
label299,0.6,0.609,0.56,0.64,0.583,0.201,0.605,0.58
label300,0.56,0.556,0.6,0.52,0.577,0.12,0.541,0.487
label301,0.46,0.45,0.36,0.56,0.4,-0.082,0.48,0.514
label302,0.46,0.458,0.44,0.48,0.449,-0.08,0.498,0.597
label303,0.66,0.667,0.64,0.68,0.653,0.32,0.634,0.645
label304,0.48,0.481,0.52,0.44,0.5,-0.04,0.458,0.434
label305,0.46,0.458,0.44,0.48,0.449,-0.08,0.386,0.41
label306,0.36,0.37,0.4,0.32,0.385,-0.281,0.346,0.448
label307,0.48,0.478,0.44,0.52,0.458,-0.04,0.453,0.515
label308,0.4,0.381,0.32,0.48,0.348,-0.203,0.376,0.406
label309,0.52,0.524,0.44,0.6,0.478,0.041,0.462,0.557
label310,0.48,0.48,0.48,0.48,0.48,-0.04,0.518,0.501
label311,0.34,0.318,0.28,0.4,0.298,-0.322,0.28,0.375
label312,0.46,0.455,0.4,0.52,0.426,-0.081,0.464,0.457
label313,0.38,0.393,0.44,0.32,0.415,-0.242,0.382,0.428
label314,0.66,0.643,0.72,0.6,0.679,0.322,0.667,0.598
label315,0.42,0.417,0.4,0.44,0.408,-0.16,0.408,0.462
label316,0.36,0.316,0.24,0.48,0.273,-0.288,0.219,0.35
label317,0.42,0.433,0.52,0.32,0.473,-0.163,0.466,0.475
label318,0.46,0.462,0.48,0.44,0.471,-0.08,0.499,0.526
label319,0.42,0.417,0.4,0.44,0.408,-0.16,0.387,0.415
label320,0.58,0.583,0.56,0.6,0.571,0.16,0.683,0.723
label321,0.46,0.462,0.48,0.44,0.471,-0.08,0.403,0.421
label322,0.46,0.455,0.4,0.52,0.426,-0.081,0.542,0.534
label323,0.48,0.478,0.44,0.52,0.458,-0.04,0.446,0.486
label324,0.44,0.435,0.4,0.48,0.417,-0.12,0.472,0.451
label325,0.56,0.565,0.52,0.6,0.542,0.12,0.558,0.496
label326,0.46,0.45,0.36,0.56,0.4,-0.082,0.514,0.461
label327,0.46,0.462,0.48,0.44,0.471,-0.08,0.416,0.429
label328,0.52,0.522,0.48,0.56,0.5,0.04,0.499,0.496
label329,0.42,0.417,0.4,0.44,0.408,-0.16,0.405,0.41
label330,0.5,0.5,0.52,0.48,0.51,0,0.506,0.482
label331,0.48,0.48,0.48,0.48,0.48,-0.04,0.51,0.567
label332,0.58,0.591,0.52,0.64,0.553,0.161,0.52,0.57
label333,0.56,0.556,0.6,0.52,0.577,0.12,0.614,0.576
label334,0.46,0.462,0.48,0.44,0.471,-0.08,0.474,0.518
label335,0.6,0.6,0.6,0.6,0.6,0.2,0.507,0.55
label336,0.48,0.481,0.52,0.44,0.5,-0.04,0.394,0.412
label337,0.42,0.417,0.4,0.44,0.408,-0.16,0.392,0.415
label338,0.5,0.5,0.56,0.44,0.528,0,0.453,0.427
label339,0.4,0.414,0.48,0.32,0.444,-0.203,0.36,0.395
label340,0.56,0.565,0.52,0.6,0.542,0.12,0.518,0.489
label341,0.44,0.435,0.4,0.48,0.417,-0.12,0.338,0.393
label342,0.54,0.542,0.52,0.56,0.531,0.08,0.424,0.467
label343,0.44,0.444,0.48,0.4,0.462,-0.12,0.488,0.452
label344,0.58,0.583,0.56,0.6,0.571,0.16,0.53,0.482
label345,0.68,0.68,0.68,0.68,0.68,0.36,0.709,0.7
label346,0.52,0.519,0.56,0.48,0.538,0.04,0.496,0.478
label347,0.66,0.643,0.72,0.6,0.679,0.322,0.709,0.709
label348,0.32,0.32,0.32,0.32,0.32,-0.36,0.32,0.413
label349,0.48,0.478,0.44,0.52,0.458,-0.04,0.486,0.524
label350,0.48,0.481,0.52,0.44,0.5,-0.04,0.56,0.58
label351,0.56,0.552,0.64,0.48,0.593,0.122,0.509,0.545
label352,0.52,0.524,0.44,0.6,0.478,0.041,0.427,0.428
label353,0.44,0.448,0.52,0.36,0.481,-0.122,0.406,0.43
label354,0.58,0.571,0.64,0.52,0.604,0.161,0.608,0.533
label355,0.48,0.48,0.48,0.48,0.48,-0.04,0.44,0.485
label356,0.52,0.526,0.4,0.64,0.455,0.041,0.514,0.613
label357,0.44,0.421,0.32,0.56,0.364,-0.124,0.378,0.44
label358,0.3,0.273,0.24,0.36,0.255,-0.403,0.274,0.364
label359,0.48,0.481,0.52,0.44,0.5,-0.04,0.402,0.414
label360,0.4,0.391,0.36,0.44,0.375,-0.201,0.362,0.401
label361,0.34,0.346,0.36,0.32,0.353,-0.32,0.264,0.375
label362,0.52,0.519,0.56,0.48,0.538,0.04,0.507,0.467
label363,0.56,0.56,0.56,0.56,0.56,0.12,0.571,0.508
label364,0.56,0.56,0.56,0.56,0.56,0.12,0.608,0.651
label365,0.28,0.238,0.2,0.36,0.217,-0.446,0.24,0.354
label366,0.6,0.619,0.52,0.68,0.565,0.203,0.595,0.532
label367,0.58,0.571,0.64,0.52,0.604,0.161,0.622,0.613
label368,0.46,0.45,0.36,0.56,0.4,-0.082,0.581,0.514
label369,0.46,0.455,0.4,0.52,0.426,-0.081,0.44,0.455
label370,0.48,0.476,0.4,0.56,0.435,-0.041,0.558,0.622
label371,0.44,0.444,0.48,0.4,0.462,-0.12,0.406,0.425
label372,0.42,0.417,0.4,0.44,0.408,-0.16,0.424,0.445
label373,0.32,0.32,0.32,0.32,0.32,-0.36,0.21,0.347
label374,0.44,0.448,0.52,0.36,0.481,-0.122,0.405,0.432
label375,0.42,0.409,0.36,0.48,0.383,-0.161,0.323,0.384
label376,0.52,0.52,0.52,0.52,0.52,0.04,0.483,0.528
label377,0.4,0.407,0.44,0.36,0.423,-0.201,0.437,0.453
label378,0.62,0.625,0.6,0.64,0.612,0.24,0.621,0.708
label379,0.42,0.4,0.32,0.52,0.356,-0.163,0.402,0.45
label380,0.38,0.385,0.4,0.36,0.392,-0.24,0.293,0.378
label381,0.58,0.583,0.56,0.6,0.571,0.16,0.571,0.59
label382,0.32,0.304,0.28,0.36,0.292,-0.361,0.27,0.368
label383,0.38,0.35,0.28,0.48,0.311,-0.245,0.318,0.385
label384,0.32,0.32,0.32,0.32,0.32,-0.36,0.17,0.337
label385,0.4,0.4,0.4,0.4,0.4,-0.2,0.422,0.445
label386,0.32,0.32,0.32,0.32,0.32,-0.36,0.216,0.348
label387,0.52,0.516,0.64,0.4,0.571,0.041,0.51,0.47
label388,0.5,0.5,0.48,0.52,0.49,0,0.462,0.462
label389,0.38,0.393,0.44,0.32,0.415,-0.242,0.426,0.49
label390,0.58,0.577,0.6,0.56,0.588,0.16,0.531,0.566
label391,0.38,0.35,0.28,0.48,0.311,-0.245,0.386,0.408
label392,0.46,0.444,0.32,0.6,0.372,-0.083,0.427,0.435
label393,0.42,0.423,0.44,0.4,0.431,-0.16,0.346,0.395
label394,0.5,0.5,0.44,0.56,0.468,0,0.491,0.478
label395,0.62,0.615,0.64,0.6,0.627,0.24,0.653,0.681
label396,0.48,0.48,0.48,0.48,0.48,-0.04,0.445,0.432
label397,0.54,0.545,0.48,0.6,0.511,0.081,0.522,0.524
label398,0.48,0.48,0.48,0.48,0.48,-0.04,0.446,0.527
label399,0.46,0.464,0.52,0.4,0.491,-0.081,0.39,0.422
label400,0.26,0.269,0.28,0.24,0.275,-0.48,0.186,0.339
label401,0.52,0.517,0.6,0.44,0.556,0.041,0.442,0.434
label402,0.5,0.5,0.6,0.4,0.545,0,0.522,0.596
label403,0.46,0.462,0.48,0.44,0.471,-0.08,0.498,0.554
label404,0.6,0.593,0.64,0.56,0.615,0.201,0.598,0.601
label405,0.58,0.571,0.64,0.52,0.604,0.161,0.541,0.484
label406,0.54,0.538,0.56,0.52,0.549,0.08,0.469,0.479
label407,0.46,0.455,0.4,0.52,0.426,-0.081,0.491,0.478
label408,0.38,0.393,0.44,0.32,0.415,-0.242,0.398,0.441
label409,0.44,0.429,0.36,0.52,0.391,-0.122,0.397,0.428
label410,0.46,0.458,0.44,0.48,0.449,-0.08,0.432,0.426
label411,0.46,0.462,0.48,0.44,0.471,-0.08,0.397,0.413
label412,0.6,0.6,0.6,0.6,0.6,0.2,0.538,0.487
label413,0.48,0.48,0.48,0.48,0.48,-0.04,0.442,0.514
label414,0.5,0.5,0.48,0.52,0.49,0,0.542,0.599
label415,0.52,0.517,0.6,0.44,0.556,0.041,0.469,0.464
label416,0.38,0.385,0.4,0.36,0.392,-0.24,0.317,0.38
label417,0.48,0.48,0.48,0.48,0.48,-0.04,0.478,0.485
label418,0.4,0.414,0.48,0.32,0.444,-0.203,0.288,0.377
label419,0.54,0.55,0.44,0.64,0.489,0.082,0.582,0.556
label420,0.48,0.481,0.52,0.44,0.5,-0.04,0.451,0.556
label421,0.38,0.375,0.36,0.4,0.367,-0.24,0.261,0.368
label422,0.36,0.348,0.32,0.4,0.333,-0.281,0.339,0.387
label423,0.5,0.5,0.52,0.48,0.51,0,0.411,0.422
label424,0.36,0.37,0.4,0.32,0.385,-0.281,0.274,0.379
label425,0.58,0.6,0.48,0.68,0.533,0.163,0.499,0.536
label426,0.4,0.407,0.44,0.36,0.423,-0.201,0.398,0.423
label427,0.44,0.455,0.6,0.28,0.517,-0.127,0.454,0.462
label428,0.52,0.52,0.52,0.52,0.52,0.04,0.552,0.633
label429,0.38,0.35,0.28,0.48,0.311,-0.245,0.309,0.379
label430,0.54,0.538,0.56,0.52,0.549,0.08,0.525,0.495
label431,0.38,0.385,0.4,0.36,0.392,-0.24,0.31,0.427
label432,0.46,0.464,0.52,0.4,0.491,-0.081,0.451,0.502
label433,0.46,0.458,0.44,0.48,0.449,-0.08,0.358,0.395
label434,0.6,0.619,0.52,0.68,0.565,0.203,0.589,0.54
label435,0.26,0.286,0.32,0.2,0.302,-0.483,0.278,0.467
label436,0.6,0.586,0.68,0.52,0.63,0.203,0.603,0.578
label437,0.58,0.583,0.56,0.6,0.571,0.16,0.563,0.542
label438,0.52,0.52,0.52,0.52,0.52,0.04,0.474,0.452
label439,0.44,0.448,0.52,0.36,0.481,-0.122,0.365,0.402
label440,0.52,0.519,0.56,0.48,0.538,0.04,0.598,0.574
label441,0.52,0.522,0.48,0.56,0.5,0.04,0.419,0.464
label442,0.56,0.556,0.6,0.52,0.577,0.12,0.53,0.518
label443,0.58,0.591,0.52,0.64,0.553,0.161,0.603,0.709
label444,0.48,0.48,0.48,0.48,0.48,-0.04,0.499,0.498
label445,0.34,0.346,0.36,0.32,0.353,-0.32,0.267,0.365
label446,0.44,0.44,0.44,0.44,0.44,-0.12,0.386,0.408
label447,0.4,0.4,0.4,0.4,0.4,-0.2,0.435,0.476
label448,0.54,0.542,0.52,0.56,0.531,0.08,0.536,0.549
label449,0.46,0.458,0.44,0.48,0.449,-0.08,0.47,0.466
label450,0.48,0.48,0.48,0.48,0.48,-0.04,0.472,0.471
label451,0.62,0.615,0.64,0.6,0.627,0.24,0.685,0.662
label452,0.34,0.346,0.36,0.32,0.353,-0.32,0.315,0.396
label453,0.52,0.52,0.52,0.52,0.52,0.04,0.523,0.483
label454,0.52,0.517,0.6,0.44,0.556,0.041,0.597,0.553
label455,0.3,0.292,0.28,0.32,0.286,-0.4,0.214,0.361
label456,0.58,0.583,0.56,0.6,0.571,0.16,0.574,0.542
label457,0.54,0.536,0.6,0.48,0.566,0.081,0.454,0.453
label458,0.44,0.444,0.48,0.4,0.462,-0.12,0.363,0.431
label459,0.44,0.435,0.4,0.48,0.417,-0.12,0.302,0.379
label460,0.32,0.345,0.4,0.24,0.37,-0.365,0.291,0.373
label461,0.5,0.5,0.56,0.44,0.528,0,0.445,0.437
label462,0.48,0.48,0.48,0.48,0.48,-0.04,0.432,0.438
label463,0.28,0.211,0.16,0.4,0.182,-0.453,0.286,0.368
label464,0.3,0.321,0.36,0.24,0.34,-0.403,0.248,0.358
label465,0.48,0.481,0.52,0.44,0.5,-0.04,0.534,0.623
label466,0.2,0.2,0.2,0.2,0.2,-0.6,0.125,0.324
label467,0.46,0.462,0.48,0.44,0.471,-0.08,0.483,0.481
label468,0.64,0.64,0.64,0.64,0.64,0.28,0.587,0.662
label469,0.16,0.185,0.2,0.12,0.192,-0.682,0.074,0.314
label470,0.54,0.542,0.52,0.56,0.531,0.08,0.48,0.482
label471,0.46,0.462,0.48,0.44,0.471,-0.08,0.406,0.417
label472,0.44,0.435,0.4,0.48,0.417,-0.12,0.427,0.437
label473,0.62,0.594,0.76,0.48,0.667,0.25,0.512,0.466
label474,0.4,0.414,0.48,0.32,0.444,-0.203,0.408,0.539
label475,0.26,0.269,0.28,0.24,0.275,-0.48,0.248,0.369
label476,0.3,0.273,0.24,0.36,0.255,-0.403,0.298,0.379
label477,0.6,0.586,0.68,0.52,0.63,0.203,0.626,0.609
label478,0.16,0.185,0.2,0.12,0.192,-0.682,0.077,0.315
label479,0.5,0.5,0.44,0.56,0.468,0,0.558,0.615
label480,0.28,0.31,0.36,0.2,0.333,-0.446,0.29,0.397
label481,0.44,0.435,0.4,0.48,0.417,-0.12,0.405,0.415
label482,0.4,0.4,0.4,0.4,0.4,-0.2,0.338,0.385
label483,0.44,0.44,0.44,0.44,0.44,-0.12,0.461,0.456
label484,0.38,0.385,0.4,0.36,0.392,-0.24,0.29,0.372
label485,0.46,0.455,0.4,0.52,0.426,-0.081,0.379,0.415
label486,0.46,0.458,0.44,0.48,0.449,-0.08,0.483,0.521
label487,0.6,0.593,0.64,0.56,0.615,0.201,0.616,0.683
label488,0.48,0.48,0.48,0.48,0.48,-0.04,0.392,0.436
label489,0.48,0.481,0.52,0.44,0.5,-0.04,0.389,0.409
label490,0.48,0.478,0.44,0.52,0.458,-0.04,0.47,0.447
label491,0.54,0.545,0.48,0.6,0.511,0.081,0.424,0.432
label492,0.54,0.55,0.44,0.64,0.489,0.082,0.53,0.498
label493,0.32,0.32,0.32,0.32,0.32,-0.36,0.296,0.378
label494,0.5,0.5,0.56,0.44,0.528,0,0.478,0.526
label495,0.54,0.542,0.52,0.56,0.531,0.08,0.544,0.591
label496,0.4,0.391,0.36,0.44,0.375,-0.201,0.339,0.392
label497,0.44,0.452,0.56,0.32,0.5,-0.124,0.429,0.429
label498,0.6,0.609,0.56,0.64,0.583,0.201,0.55,0.504
label499,0.58,0.577,0.6,0.56,0.588,0.16,0.555,0.591
label500,0.64,0.64,0.64,0.64,0.64,0.28,0.557,0.522
label501,0.58,0.583,0.56,0.6,0.571,0.16,0.563,0.5
label502,0.46,0.458,0.44,0.48,0.449,-0.08,0.37,0.406
label503,0.28,0.261,0.24,0.32,0.25,-0.441,0.216,0.348
label504,0.28,0.261,0.24,0.32,0.25,-0.441,0.267,0.503
label505,0.48,0.48,0.48,0.48,0.48,-0.04,0.458,0.437
label506,0.54,0.542,0.52,0.56,0.531,0.08,0.493,0.479
label507,0.58,0.577,0.6,0.56,0.588,0.16,0.634,0.705
label508,0.4,0.391,0.36,0.44,0.375,-0.201,0.352,0.429
label509,0.54,0.538,0.56,0.52,0.549,0.08,0.485,0.453
label510,0.36,0.333,0.28,0.44,0.304,-0.284,0.35,0.392
label511,0.6,0.609,0.56,0.64,0.583,0.201,0.646,0.664
label512,0.64,0.63,0.68,0.6,0.654,0.281,0.624,0.544
label513,0.4,0.381,0.32,0.48,0.348,-0.203,0.386,0.412
label514,0.36,0.348,0.32,0.4,0.333,-0.281,0.317,0.384
label515,0.4,0.414,0.48,0.32,0.444,-0.203,0.363,0.398
label516,0.46,0.455,0.4,0.52,0.426,-0.081,0.371,0.411
label517,0.4,0.407,0.44,0.36,0.423,-0.201,0.461,0.507
label518,0.5,0.5,0.56,0.44,0.528,0,0.482,0.495
label519,0.44,0.421,0.32,0.56,0.364,-0.124,0.371,0.41
label520,0.38,0.385,0.4,0.36,0.392,-0.24,0.421,0.466
label521,0.46,0.462,0.48,0.44,0.471,-0.08,0.454,0.549
label522,0.48,0.481,0.52,0.44,0.5,-0.04,0.472,0.464
label523,0.36,0.36,0.36,0.36,0.36,-0.28,0.318,0.409
label524,0.38,0.385,0.4,0.36,0.392,-0.24,0.419,0.43
label525,0.48,0.474,0.36,0.6,0.409,-0.041,0.448,0.564
label526,0.3,0.222,0.16,0.44,0.186,-0.417,0.23,0.351
label527,0.6,0.6,0.6,0.6,0.6,0.2,0.571,0.5
label528,0.6,0.609,0.56,0.64,0.583,0.201,0.592,0.534
label529,0.54,0.542,0.52,0.56,0.531,0.08,0.517,0.533
label530,0.46,0.462,0.48,0.44,0.471,-0.08,0.442,0.49
label531,0.3,0.308,0.32,0.28,0.314,-0.4,0.27,0.363
label532,0.44,0.44,0.44,0.44,0.44,-0.12,0.432,0.472
label533,0.52,0.52,0.52,0.52,0.52,0.04,0.526,0.522
label534,0.6,0.6,0.6,0.6,0.6,0.2,0.616,0.63
label535,0.48,0.481,0.52,0.44,0.5,-0.04,0.496,0.562
label536,0.46,0.458,0.44,0.48,0.449,-0.08,0.454,0.543
label537,0.38,0.364,0.32,0.44,0.34,-0.242,0.31,0.376
label538,0.46,0.455,0.4,0.52,0.426,-0.081,0.414,0.427
label539,0.36,0.379,0.44,0.28,0.407,-0.284,0.333,0.456
label540,0.42,0.429,0.48,0.36,0.453,-0.161,0.419,0.483
label541,0.36,0.316,0.24,0.48,0.273,-0.288,0.334,0.386
label542,0.48,0.481,0.52,0.44,0.5,-0.04,0.434,0.457
label543,0.5,0.5,0.44,0.56,0.468,0,0.51,0.523
label544,0.44,0.44,0.44,0.44,0.44,-0.12,0.461,0.471
label545,0.58,0.577,0.6,0.56,0.588,0.16,0.621,0.539
label546,0.36,0.36,0.36,0.36,0.36,-0.28,0.307,0.395
label547,0.54,0.545,0.48,0.6,0.511,0.081,0.507,0.553
label548,0.5,0.5,0.44,0.56,0.468,0,0.549,0.615
label549,0.56,0.552,0.64,0.48,0.593,0.122,0.496,0.474
label550,0.6,0.609,0.56,0.64,0.583,0.201,0.594,0.564
label551,0.46,0.455,0.4,0.52,0.426,-0.081,0.398,0.431
label552,0.52,0.52,0.52,0.52,0.52,0.04,0.47,0.455
label553,0.6,0.619,0.52,0.68,0.565,0.203,0.64,0.578
label554,0.52,0.517,0.6,0.44,0.556,0.041,0.52,0.508
label555,0.28,0.296,0.32,0.24,0.308,-0.441,0.224,0.354
label556,0.58,0.577,0.6,0.56,0.588,0.16,0.582,0.6
label557,0.54,0.538,0.56,0.52,0.549,0.08,0.541,0.499
label558,0.32,0.263,0.2,0.44,0.227,-0.371,0.298,0.374
label559,0.58,0.571,0.64,0.52,0.604,0.161,0.53,0.477
label560,0.46,0.464,0.52,0.4,0.491,-0.081,0.432,0.43
label561,0.42,0.429,0.48,0.36,0.453,-0.161,0.467,0.493
label562,0.7,0.778,0.56,0.84,0.651,0.417,0.693,0.641
label563,0.6,0.619,0.52,0.68,0.565,0.203,0.654,0.67
label564,0.54,0.545,0.48,0.6,0.511,0.081,0.488,0.519
label565,0.4,0.4,0.4,0.4,0.4,-0.2,0.336,0.386
label566,0.66,0.654,0.68,0.64,0.667,0.32,0.742,0.678
label567,0.54,0.538,0.56,0.52,0.549,0.08,0.456,0.44
label568,0.62,0.625,0.6,0.64,0.612,0.24,0.55,0.528
label569,0.6,0.632,0.48,0.72,0.545,0.206,0.586,0.695
label570,0.36,0.348,0.32,0.4,0.333,-0.281,0.282,0.372
label571,0.48,0.476,0.4,0.56,0.435,-0.041,0.47,0.55
label572,0.44,0.444,0.48,0.4,0.462,-0.12,0.36,0.414
label573,0.42,0.417,0.4,0.44,0.408,-0.16,0.429,0.44
label574,0.48,0.476,0.4,0.56,0.435,-0.041,0.486,0.458
label575,0.58,0.571,0.64,0.52,0.604,0.161,0.53,0.504
label576,0.52,0.517,0.6,0.44,0.556,0.041,0.509,0.491
label577,0.6,0.6,0.6,0.6,0.6,0.2,0.645,0.575
label578,0.48,0.48,0.48,0.48,0.48,-0.04,0.378,0.402
label579,0.36,0.379,0.44,0.28,0.407,-0.284,0.315,0.377
label580,0.48,0.481,0.52,0.44,0.5,-0.04,0.52,0.512
label581,0.54,0.55,0.44,0.64,0.489,0.082,0.52,0.518
label582,0.52,0.519,0.56,0.48,0.538,0.04,0.514,0.508
label583,0.4,0.381,0.32,0.48,0.348,-0.203,0.376,0.407
label584,0.3,0.308,0.32,0.28,0.314,-0.4,0.213,0.347
label585,0.44,0.435,0.4,0.48,0.417,-0.12,0.427,0.445
label586,0.34,0.318,0.28,0.4,0.298,-0.322,0.261,0.362
label587,0.48,0.48,0.48,0.48,0.48,-0.04,0.443,0.465
label588,0.36,0.36,0.36,0.36,0.36,-0.28,0.358,0.477
label589,0.58,0.571,0.64,0.52,0.604,0.161,0.691,0.708
label590,0.58,0.571,0.64,0.52,0.604,0.161,0.614,0.646
label591,0.4,0.391,0.36,0.44,0.375,-0.201,0.382,0.403
label592,0.48,0.478,0.44,0.52,0.458,-0.04,0.469,0.575
label593,0.46,0.45,0.36,0.56,0.4,-0.082,0.427,0.445
label594,0.52,0.52,0.52,0.52,0.52,0.04,0.526,0.533
label595,0.52,0.524,0.44,0.6,0.478,0.041,0.419,0.432
label596,0.3,0.292,0.28,0.32,0.286,-0.4,0.302,0.378
label597,0.5,0.5,0.52,0.48,0.51,0,0.498,0.463
label598,0.44,0.44,0.44,0.44,0.44,-0.12,0.426,0.44
label599,0.38,0.375,0.36,0.4,0.367,-0.24,0.36,0.404
label600,0.32,0.333,0.36,0.28,0.346,-0.361,0.274,0.374
label601,0.56,0.556,0.6,0.52,0.577,0.12,0.555,0.603
label602,0.44,0.429,0.36,0.52,0.391,-0.122,0.371,0.419
label603,0.56,0.552,0.64,0.48,0.593,0.122,0.616,0.537
label604,0.52,0.52,0.52,0.52,0.52,0.04,0.563,0.587
label605,0.48,0.48,0.48,0.48,0.48,-0.04,0.438,0.447
label606,0.62,0.615,0.64,0.6,0.627,0.24,0.597,0.549
label607,0.44,0.44,0.44,0.44,0.44,-0.12,0.374,0.409
label608,0.54,0.542,0.52,0.56,0.531,0.08,0.562,0.504
label609,0.68,0.696,0.64,0.72,0.667,0.361,0.629,0.633
label610,0.5,0.5,0.56,0.44,0.528,0,0.565,0.534
label611,0.46,0.45,0.36,0.56,0.4,-0.082,0.518,0.624
label612,0.7,0.708,0.68,0.72,0.694,0.4,0.635,0.587
label613,0.5,0.5,0.56,0.44,0.528,0,0.461,0.519
label614,0.54,0.538,0.56,0.52,0.549,0.08,0.498,0.479
label615,0.36,0.348,0.32,0.4,0.333,-0.281,0.243,0.36
label616,0.68,0.68,0.68,0.68,0.68,0.36,0.699,0.64
label617,0.5,0.5,0.56,0.44,0.528,0,0.522,0.616
label618,0.54,0.538,0.56,0.52,0.549,0.08,0.611,0.575
label619,0.48,0.478,0.44,0.52,0.458,-0.04,0.418,0.557
label620,0.56,0.552,0.64,0.48,0.593,0.122,0.517,0.477
label621,0.38,0.35,0.28,0.48,0.311,-0.245,0.318,0.382
label622,0.5,0.5,0.52,0.48,0.51,0,0.493,0.458
label623,0.46,0.467,0.56,0.36,0.509,-0.082,0.421,0.423
label624,0.48,0.478,0.44,0.52,0.458,-0.04,0.51,0.523
label625,0.62,0.636,0.56,0.68,0.596,0.242,0.563,0.522
label626,0.44,0.444,0.48,0.4,0.462,-0.12,0.333,0.384
label627,0.34,0.357,0.4,0.28,0.377,-0.322,0.288,0.379
label628,0.5,0.5,0.44,0.56,0.468,0,0.517,0.565
label629,0.42,0.423,0.44,0.4,0.431,-0.16,0.325,0.4
label630,0.38,0.364,0.32,0.44,0.34,-0.242,0.349,0.405
label631,0.4,0.4,0.4,0.4,0.4,-0.2,0.336,0.392
label632,0.42,0.417,0.4,0.44,0.408,-0.16,0.387,0.471
label633,0.58,0.577,0.6,0.56,0.588,0.16,0.638,0.661
label634,0.52,0.52,0.52,0.52,0.52,0.04,0.464,0.442
label635,0.44,0.429,0.36,0.52,0.391,-0.122,0.483,0.537
label636,0.5,0.5,0.56,0.44,0.528,0,0.539,0.516
label637,0.44,0.444,0.48,0.4,0.462,-0.12,0.469,0.486
label638,0.38,0.35,0.28,0.48,0.311,-0.245,0.302,0.387
label639,0.5,0.5,0.6,0.4,0.545,0,0.579,0.548
label640,0.36,0.348,0.32,0.4,0.333,-0.281,0.378,0.489
label641,0.58,0.577,0.6,0.56,0.588,0.16,0.539,0.508
label642,0.52,0.522,0.48,0.56,0.5,0.04,0.493,0.461
label643,0.48,0.48,0.48,0.48,0.48,-0.04,0.44,0.433
label644,0.44,0.444,0.48,0.4,0.462,-0.12,0.371,0.412
label645,0.48,0.478,0.44,0.52,0.458,-0.04,0.432,0.442
label646,0.5,0.5,0.52,0.48,0.51,0,0.474,0.457
label647,0.54,0.538,0.56,0.52,0.549,0.08,0.453,0.441
label648,0.42,0.409,0.36,0.48,0.383,-0.161,0.354,0.414
label649,0.38,0.364,0.32,0.44,0.34,-0.242,0.366,0.411
label650,0.5,0.5,0.52,0.48,0.51,0,0.504,0.543
label651,0.46,0.45,0.36,0.56,0.4,-0.082,0.47,0.565
label652,0.44,0.448,0.52,0.36,0.481,-0.122,0.482,0.465
label653,0.62,0.615,0.64,0.6,0.627,0.24,0.632,0.649
label654,0.44,0.429,0.36,0.52,0.391,-0.122,0.384,0.418
label655,0.54,0.542,0.52,0.56,0.531,0.08,0.466,0.463
label656,0.38,0.364,0.32,0.44,0.34,-0.242,0.262,0.411
label657,0.38,0.393,0.44,0.32,0.415,-0.242,0.31,0.387
label658,0.54,0.542,0.52,0.56,0.531,0.08,0.523,0.509
label659,0.46,0.458,0.44,0.48,0.449,-0.08,0.408,0.467
label660,0.56,0.56,0.56,0.56,0.56,0.12,0.478,0.447
label661,0.4,0.391,0.36,0.44,0.375,-0.201,0.443,0.442
label662,0.52,0.517,0.6,0.44,0.556,0.041,0.437,0.426
label663,0.48,0.478,0.44,0.52,0.458,-0.04,0.477,0.484
label664,0.6,0.609,0.56,0.64,0.583,0.201,0.674,0.643
label665,0.58,0.577,0.6,0.56,0.588,0.16,0.574,0.493
label666,0.52,0.526,0.4,0.64,0.455,0.041,0.477,0.451
label667,0.66,0.643,0.72,0.6,0.679,0.322,0.613,0.549
label668,0.4,0.391,0.36,0.44,0.375,-0.201,0.384,0.417
label669,0.5,0.5,0.52,0.48,0.51,0,0.47,0.474
label670,0.52,0.515,0.68,0.36,0.586,0.042,0.53,0.49
label671,0.38,0.375,0.36,0.4,0.367,-0.24,0.373,0.415
label672,0.48,0.48,0.48,0.48,0.48,-0.04,0.432,0.486
label673,0.56,0.556,0.6,0.52,0.577,0.12,0.533,0.548
label674,0.5,0.5,0.52,0.48,0.51,0,0.389,0.412
label675,0.34,0.333,0.32,0.36,0.327,-0.32,0.283,0.368
label676,0.42,0.423,0.44,0.4,0.431,-0.16,0.374,0.463
label677,0.44,0.44,0.44,0.44,0.44,-0.12,0.507,0.525
label678,0.48,0.483,0.56,0.4,0.519,-0.041,0.426,0.427
label679,0.34,0.346,0.36,0.32,0.353,-0.32,0.341,0.42
label680,0.36,0.37,0.4,0.32,0.385,-0.281,0.258,0.368
label681,0.46,0.455,0.4,0.52,0.426,-0.081,0.45,0.452
label682,0.44,0.44,0.44,0.44,0.44,-0.12,0.365,0.447
label683,0.44,0.444,0.48,0.4,0.462,-0.12,0.451,0.524
label684,0.4,0.368,0.28,0.52,0.318,-0.206,0.4,0.411
label685,0.42,0.429,0.48,0.36,0.453,-0.161,0.35,0.393
label686,0.38,0.385,0.4,0.36,0.392,-0.24,0.312,0.399
label687,0.42,0.429,0.48,0.36,0.453,-0.161,0.469,0.502
label688,0.42,0.429,0.48,0.36,0.453,-0.161,0.315,0.382
label689,0.3,0.321,0.36,0.24,0.34,-0.403,0.23,0.358
label690,0.58,0.577,0.6,0.56,0.588,0.16,0.533,0.478
label691,0.52,0.517,0.6,0.44,0.556,0.041,0.416,0.457
label692,0.56,0.556,0.6,0.52,0.577,0.12,0.539,0.5
label693,0.6,0.593,0.64,0.56,0.615,0.201,0.499,0.487
label694,0.36,0.37,0.4,0.32,0.385,-0.281,0.387,0.418
label695,0.4,0.391,0.36,0.44,0.375,-0.201,0.414,0.425
label696,0.52,0.519,0.56,0.48,0.538,0.04,0.581,0.536
label697,0.6,0.632,0.48,0.72,0.545,0.206,0.64,0.568
label698,0.46,0.462,0.48,0.44,0.471,-0.08,0.485,0.554
label699,0.42,0.417,0.4,0.44,0.408,-0.16,0.408,0.45
label700,0.54,0.538,0.56,0.52,0.549,0.08,0.51,0.485
label701,0.58,0.571,0.64,0.52,0.604,0.161,0.634,0.642
label702,0.5,0.5,0.48,0.52,0.49,0,0.526,0.48
label703,0.46,0.458,0.44,0.48,0.449,-0.08,0.435,0.44
label704,0.34,0.318,0.28,0.4,0.298,-0.322,0.29,0.412
label705,0.38,0.4,0.48,0.28,0.436,-0.245,0.278,0.367
label706,0.56,0.552,0.64,0.48,0.593,0.122,0.626,0.569
label707,0.52,0.519,0.56,0.48,0.538,0.04,0.525,0.554
label708,0.4,0.414,0.48,0.32,0.444,-0.203,0.421,0.498
label709,0.68,0.655,0.76,0.6,0.704,0.365,0.69,0.619
label710,0.54,0.542,0.52,0.56,0.531,0.08,0.554,0.536
label711,0.42,0.423,0.44,0.4,0.431,-0.16,0.365,0.398
label712,0.5,0.5,0.52,0.48,0.51,0,0.454,0.497
label713,0.42,0.438,0.56,0.28,0.491,-0.167,0.371,0.405
label714,0.46,0.464,0.52,0.4,0.491,-0.081,0.442,0.485
label715,0.52,0.519,0.56,0.48,0.538,0.04,0.485,0.522
label716,0.42,0.423,0.44,0.4,0.431,-0.16,0.352,0.396
label717,0.34,0.346,0.36,0.32,0.353,-0.32,0.358,0.437
label718,0.42,0.423,0.44,0.4,0.431,-0.16,0.4,0.425
label719,0.66,0.7,0.56,0.76,0.622,0.327,0.664,0.716
label720,0.66,0.667,0.64,0.68,0.653,0.32,0.686,0.594
label721,0.44,0.44,0.44,0.44,0.44,-0.12,0.4,0.415
label722,0.54,0.545,0.48,0.6,0.511,0.081,0.53,0.496
label723,0.4,0.4,0.4,0.4,0.4,-0.2,0.33,0.391
label724,0.36,0.316,0.24,0.48,0.273,-0.288,0.264,0.364
label725,0.4,0.391,0.36,0.44,0.375,-0.201,0.333,0.386
label726,0.24,0.217,0.2,0.28,0.208,-0.522,0.189,0.342
label727,0.44,0.435,0.4,0.48,0.417,-0.12,0.448,0.428
label728,0.38,0.364,0.32,0.44,0.34,-0.242,0.237,0.354
label729,0.44,0.44,0.44,0.44,0.44,-0.12,0.416,0.526
label730,0.62,0.636,0.56,0.68,0.596,0.242,0.571,0.499
label731,0.52,0.516,0.64,0.4,0.571,0.041,0.501,0.488
label732,0.44,0.44,0.44,0.44,0.44,-0.12,0.406,0.44
label733,0.58,0.577,0.6,0.56,0.588,0.16,0.603,0.554
label734,0.52,0.517,0.6,0.44,0.556,0.041,0.552,0.569
label735,0.62,0.615,0.64,0.6,0.627,0.24,0.621,0.547
label736,0.66,0.654,0.68,0.64,0.667,0.32,0.709,0.633
label737,0.38,0.375,0.36,0.4,0.367,-0.24,0.432,0.491
label738,0.52,0.519,0.56,0.48,0.538,0.04,0.514,0.543
label739,0.6,0.6,0.6,0.6,0.6,0.2,0.654,0.662
label740,0.6,0.609,0.56,0.64,0.583,0.201,0.595,0.603
label741,0.44,0.429,0.36,0.52,0.391,-0.122,0.406,0.46
label742,0.46,0.462,0.48,0.44,0.471,-0.08,0.462,0.438
label743,0.4,0.381,0.32,0.48,0.348,-0.203,0.366,0.441
label744,0.5,0.5,0.52,0.48,0.51,0,0.514,0.476
label745,0.56,0.556,0.6,0.52,0.577,0.12,0.482,0.496
label746,0.58,0.571,0.64,0.52,0.604,0.161,0.568,0.544
label747,0.42,0.433,0.52,0.32,0.473,-0.163,0.378,0.408
label748,0.46,0.462,0.48,0.44,0.471,-0.08,0.405,0.439
label749,0.58,0.583,0.56,0.6,0.571,0.16,0.592,0.534
label750,0.34,0.333,0.32,0.36,0.327,-0.32,0.366,0.463
label751,0.46,0.462,0.48,0.44,0.471,-0.08,0.442,0.428
label752,0.46,0.462,0.48,0.44,0.471,-0.08,0.437,0.447
label753,0.54,0.545,0.48,0.6,0.511,0.081,0.52,0.613
label754,0.5,0.5,0.44,0.56,0.468,0,0.453,0.464
label755,0.64,0.684,0.52,0.76,0.591,0.288,0.592,0.602
label756,0.64,0.63,0.68,0.6,0.654,0.281,0.618,0.559
label757,0.56,0.571,0.48,0.64,0.522,0.122,0.542,0.546
label758,0.38,0.385,0.4,0.36,0.392,-0.24,0.389,0.451
label759,0.46,0.458,0.44,0.48,0.449,-0.08,0.4,0.488
label760,0.4,0.381,0.32,0.48,0.348,-0.203,0.362,0.397
label761,0.64,0.64,0.64,0.64,0.64,0.28,0.634,0.58
label762,0.44,0.444,0.48,0.4,0.462,-0.12,0.402,0.45
label763,0.6,0.609,0.56,0.64,0.583,0.201,0.635,0.662
label764,0.52,0.524,0.44,0.6,0.478,0.041,0.435,0.434
label765,0.36,0.348,0.32,0.4,0.333,-0.281,0.298,0.373
label766,0.42,0.417,0.4,0.44,0.408,-0.16,0.453,0.437
label767,0.48,0.481,0.52,0.44,0.5,-0.04,0.47,0.442
label768,0.48,0.481,0.52,0.44,0.5,-0.04,0.488,0.462
label769,0.64,0.652,0.6,0.68,0.625,0.281,0.632,0.565
label770,0.48,0.476,0.4,0.56,0.435,-0.041,0.483,0.458
label771,0.58,0.583,0.56,0.6,0.571,0.16,0.568,0.597
label772,0.56,0.56,0.56,0.56,0.56,0.12,0.568,0.508
label773,0.46,0.464,0.52,0.4,0.491,-0.081,0.39,0.417
label774,0.48,0.485,0.64,0.32,0.552,-0.042,0.538,0.535
label775,0.44,0.44,0.44,0.44,0.44,-0.12,0.315,0.391
label776,0.58,0.571,0.64,0.52,0.604,0.161,0.523,0.531
label777,0.52,0.52,0.52,0.52,0.52,0.04,0.49,0.46
label778,0.56,0.56,0.56,0.56,0.56,0.12,0.52,0.494
label779,0.2,0.222,0.24,0.16,0.231,-0.602,0.15,0.33
label780,0.44,0.444,0.48,0.4,0.462,-0.12,0.408,0.458
label781,0.5,0.5,0.52,0.48,0.51,0,0.485,0.49
label782,0.46,0.45,0.36,0.56,0.4,-0.082,0.496,0.496
label783,0.52,0.522,0.48,0.56,0.5,0.04,0.483,0.502
label784,0.48,0.478,0.44,0.52,0.458,-0.04,0.509,0.569
label785,0.5,0.5,0.48,0.52,0.49,0,0.418,0.448
label786,0.56,0.556,0.6,0.52,0.577,0.12,0.571,0.545
label787,0.56,0.565,0.52,0.6,0.542,0.12,0.541,0.486
label788,0.42,0.423,0.44,0.4,0.431,-0.16,0.362,0.397
label789,0.5,0.5,0.48,0.52,0.49,0,0.53,0.535
label790,0.32,0.345,0.4,0.24,0.37,-0.365,0.267,0.365
label791,0.56,0.565,0.52,0.6,0.542,0.12,0.534,0.548
label792,0.46,0.458,0.44,0.48,0.449,-0.08,0.37,0.432
label793,0.4,0.381,0.32,0.48,0.348,-0.203,0.39,0.421
label794,0.54,0.55,0.44,0.64,0.489,0.082,0.506,0.498
label795,0.68,0.696,0.64,0.72,0.667,0.361,0.741,0.732
label796,0.58,0.591,0.52,0.64,0.553,0.161,0.558,0.611
label797,0.56,0.56,0.56,0.56,0.56,0.12,0.528,0.471
label798,0.36,0.36,0.36,0.36,0.36,-0.28,0.28,0.374
label799,0.36,0.348,0.32,0.4,0.333,-0.281,0.29,0.382
label800,0.32,0.304,0.28,0.36,0.292,-0.361,0.246,0.366
label801,0.54,0.545,0.48,0.6,0.511,0.081,0.523,0.597
label802,0.52,0.52,0.52,0.52,0.52,0.04,0.502,0.493
label803,0.5,0.5,0.36,0.64,0.419,0,0.491,0.488
label804,0.46,0.464,0.52,0.4,0.491,-0.081,0.498,0.471
label805,0.48,0.48,0.48,0.48,0.48,-0.04,0.4,0.423
label806,0.42,0.409,0.36,0.48,0.383,-0.161,0.445,0.476
label807,0.4,0.391,0.36,0.44,0.375,-0.201,0.304,0.38
label808,0.5,0.5,0.48,0.52,0.49,0,0.504,0.451
label809,0.6,0.593,0.64,0.56,0.615,0.201,0.57,0.546
label810,0.56,0.565,0.52,0.6,0.542,0.12,0.573,0.533
label811,0.58,0.6,0.48,0.68,0.533,0.163,0.557,0.691
label812,0.32,0.286,0.24,0.4,0.261,-0.365,0.296,0.375
label813,0.34,0.357,0.4,0.28,0.377,-0.322,0.325,0.469
label814,0.44,0.444,0.48,0.4,0.462,-0.12,0.421,0.436
label815,0.42,0.429,0.48,0.36,0.453,-0.161,0.285,0.372
label816,0.46,0.45,0.36,0.56,0.4,-0.082,0.382,0.453
label817,0.5,0.5,0.48,0.52,0.49,0,0.541,0.593
label818,0.6,0.619,0.52,0.68,0.565,0.203,0.61,0.543
label819,0.36,0.379,0.44,0.28,0.407,-0.284,0.339,0.403
label820,0.48,0.481,0.52,0.44,0.5,-0.04,0.376,0.404
label821,0.44,0.435,0.4,0.48,0.417,-0.12,0.286,0.373
label822,0.56,0.565,0.52,0.6,0.542,0.12,0.469,0.456
label823,0.48,0.48,0.48,0.48,0.48,-0.04,0.39,0.486
label824,0.36,0.36,0.36,0.36,0.36,-0.28,0.285,0.368
label825,0.56,0.556,0.6,0.52,0.577,0.12,0.538,0.482
label826,0.4,0.381,0.32,0.48,0.348,-0.203,0.44,0.496
label827,0.56,0.56,0.56,0.56,0.56,0.12,0.562,0.615
label828,0.44,0.444,0.48,0.4,0.462,-0.12,0.371,0.471
label829,0.32,0.345,0.4,0.24,0.37,-0.365,0.267,0.368
label830,0.58,0.571,0.64,0.52,0.604,0.161,0.504,0.461
label831,0.36,0.379,0.44,0.28,0.407,-0.284,0.31,0.395
label832,0.48,0.478,0.44,0.52,0.458,-0.04,0.426,0.423
label833,0.46,0.455,0.4,0.52,0.426,-0.081,0.475,0.576
label834,0.42,0.417,0.4,0.44,0.408,-0.16,0.326,0.432
label835,0.34,0.357,0.4,0.28,0.377,-0.322,0.323,0.388
label836,0.46,0.462,0.48,0.44,0.471,-0.08,0.445,0.541
label837,0.56,0.556,0.6,0.52,0.577,0.12,0.49,0.45
label838,0.62,0.625,0.6,0.64,0.612,0.24,0.674,0.709
label839,0.36,0.36,0.36,0.36,0.36,-0.28,0.328,0.403
label840,0.38,0.364,0.32,0.44,0.34,-0.242,0.446,0.527
label841,0.26,0.227,0.2,0.32,0.213,-0.483,0.29,0.377
label842,0.64,0.64,0.64,0.64,0.64,0.28,0.629,0.566
label843,0.52,0.522,0.48,0.56,0.5,0.04,0.557,0.594
label844,0.3,0.321,0.36,0.24,0.34,-0.403,0.267,0.364
label845,0.5,0.5,0.52,0.48,0.51,0,0.515,0.539
label846,0.7,0.692,0.72,0.68,0.706,0.4,0.718,0.634
label847,0.42,0.429,0.48,0.36,0.453,-0.161,0.331,0.39
label848,0.58,0.591,0.52,0.64,0.553,0.161,0.533,0.517
label849,0.58,0.567,0.68,0.48,0.618,0.163,0.573,0.508
label850,0.5,0.5,0.44,0.56,0.468,0,0.51,0.52
label851,0.46,0.458,0.44,0.48,0.449,-0.08,0.443,0.428
label852,0.58,0.571,0.64,0.52,0.604,0.161,0.541,0.489
label853,0.42,0.433,0.52,0.32,0.473,-0.163,0.37,0.456
label854,0.36,0.37,0.4,0.32,0.385,-0.281,0.363,0.518
label855,0.58,0.571,0.64,0.52,0.604,0.161,0.622,0.649
label856,0.54,0.536,0.6,0.48,0.566,0.081,0.501,0.474
label857,0.46,0.464,0.52,0.4,0.491,-0.081,0.339,0.409
label858,0.46,0.45,0.36,0.56,0.4,-0.082,0.427,0.437
label859,0.42,0.4,0.32,0.52,0.356,-0.163,0.494,0.549
label860,0.32,0.32,0.32,0.32,0.32,-0.36,0.259,0.36
label861,0.34,0.346,0.36,0.32,0.353,-0.32,0.275,0.365
label862,0.58,0.577,0.6,0.56,0.588,0.16,0.494,0.473
label863,0.56,0.571,0.48,0.64,0.522,0.122,0.459,0.495
label864,0.4,0.4,0.4,0.4,0.4,-0.2,0.346,0.392
label865,0.3,0.321,0.36,0.24,0.34,-0.403,0.283,0.409
label866,0.44,0.44,0.44,0.44,0.44,-0.12,0.405,0.455
label867,0.5,0.5,0.52,0.48,0.51,0,0.538,0.512
label868,0.52,0.519,0.56,0.48,0.538,0.04,0.49,0.547
label869,0.48,0.476,0.4,0.56,0.435,-0.041,0.442,0.451
label870,0.44,0.452,0.56,0.32,0.5,-0.124,0.424,0.453
label871,0.56,0.571,0.48,0.64,0.522,0.122,0.562,0.497
label872,0.4,0.4,0.4,0.4,0.4,-0.2,0.395,0.471
label873,0.44,0.435,0.4,0.48,0.417,-0.12,0.432,0.423
label874,0.54,0.538,0.56,0.52,0.549,0.08,0.589,0.558
label875,0.56,0.556,0.6,0.52,0.577,0.12,0.509,0.453
label876,0.3,0.292,0.28,0.32,0.286,-0.4,0.243,0.355
label877,0.34,0.346,0.36,0.32,0.353,-0.32,0.31,0.391
label878,0.52,0.519,0.56,0.48,0.538,0.04,0.602,0.626
label879,0.46,0.458,0.44,0.48,0.449,-0.08,0.443,0.447
label880,0.36,0.37,0.4,0.32,0.385,-0.281,0.317,0.399
label881,0.56,0.56,0.56,0.56,0.56,0.12,0.526,0.517
label882,0.72,0.72,0.72,0.72,0.72,0.44,0.72,0.683
label883,0.5,0.5,0.52,0.48,0.51,0,0.504,0.473
label884,0.52,0.522,0.48,0.56,0.5,0.04,0.454,0.458
label885,0.58,0.583,0.56,0.6,0.571,0.16,0.536,0.539
label886,0.52,0.524,0.44,0.6,0.478,0.041,0.568,0.597
label887,0.34,0.318,0.28,0.4,0.298,-0.322,0.309,0.377
label888,0.42,0.417,0.4,0.44,0.408,-0.16,0.366,0.407
label889,0.42,0.423,0.44,0.4,0.431,-0.16,0.395,0.412
label890,0.44,0.44,0.44,0.44,0.44,-0.12,0.469,0.485
label891,0.3,0.25,0.2,0.4,0.222,-0.408,0.285,0.402
label892,0.42,0.4,0.32,0.52,0.356,-0.163,0.326,0.393
label893,0.6,0.586,0.68,0.52,0.63,0.203,0.658,0.641
label894,0.28,0.261,0.24,0.32,0.25,-0.441,0.277,0.367
label895,0.36,0.333,0.28,0.44,0.304,-0.284,0.274,0.37
label896,0.46,0.464,0.52,0.4,0.491,-0.081,0.43,0.42
label897,0.52,0.519,0.56,0.48,0.538,0.04,0.502,0.494
label898,0.44,0.44,0.44,0.44,0.44,-0.12,0.411,0.548
label899,0.32,0.286,0.24,0.4,0.261,-0.365,0.254,0.359
label900,0.64,0.64,0.64,0.64,0.64,0.28,0.662,0.553
label901,0.58,0.583,0.56,0.6,0.571,0.16,0.566,0.521
label902,0.56,0.556,0.6,0.52,0.577,0.12,0.547,0.566
label903,0.46,0.458,0.44,0.48,0.449,-0.08,0.437,0.443
label904,0.58,0.591,0.52,0.64,0.553,0.161,0.544,0.508
label905,0.42,0.4,0.32,0.52,0.356,-0.163,0.336,0.413
label906,0.62,0.607,0.68,0.56,0.642,0.242,0.542,0.498
label907,0.52,0.52,0.52,0.52,0.52,0.04,0.491,0.485
label908,0.58,0.583,0.56,0.6,0.571,0.16,0.51,0.511
label909,0.4,0.391,0.36,0.44,0.375,-0.201,0.357,0.414
label910,0.52,0.52,0.52,0.52,0.52,0.04,0.546,0.545
label911,0.44,0.429,0.36,0.52,0.391,-0.122,0.435,0.547
label912,0.46,0.45,0.36,0.56,0.4,-0.082,0.458,0.446
label913,0.36,0.36,0.36,0.36,0.36,-0.28,0.392,0.452
label914,0.42,0.417,0.4,0.44,0.408,-0.16,0.419,0.548
label915,0.4,0.4,0.4,0.4,0.4,-0.2,0.405,0.465
label916,0.48,0.481,0.52,0.44,0.5,-0.04,0.501,0.492
label917,0.48,0.478,0.44,0.52,0.458,-0.04,0.467,0.47
label918,0.38,0.35,0.28,0.48,0.311,-0.245,0.443,0.439
label919,0.42,0.429,0.48,0.36,0.453,-0.161,0.451,0.476
label920,0.5,0.5,0.44,0.56,0.468,0,0.531,0.487
label921,0.54,0.538,0.56,0.52,0.549,0.08,0.459,0.452
label922,0.36,0.348,0.32,0.4,0.333,-0.281,0.389,0.41
label923,0.3,0.308,0.32,0.28,0.314,-0.4,0.205,0.344
label924,0.48,0.481,0.52,0.44,0.5,-0.04,0.482,0.504
label925,0.4,0.391,0.36,0.44,0.375,-0.201,0.386,0.427
label926,0.5,0.5,0.64,0.36,0.561,0,0.445,0.445
label927,0.54,0.538,0.56,0.52,0.549,0.08,0.496,0.492
label928,0.32,0.304,0.28,0.36,0.292,-0.361,0.264,0.361
label929,0.26,0.269,0.28,0.24,0.275,-0.48,0.194,0.341
label930,0.62,0.636,0.56,0.68,0.596,0.242,0.579,0.52
label931,0.46,0.462,0.48,0.44,0.471,-0.08,0.403,0.458
label932,0.48,0.48,0.48,0.48,0.48,-0.04,0.501,0.461
label933,0.4,0.368,0.28,0.52,0.318,-0.206,0.499,0.46
label934,0.42,0.423,0.44,0.4,0.431,-0.16,0.37,0.423
label935,0.38,0.35,0.28,0.48,0.311,-0.245,0.334,0.386
label936,0.5,0.5,0.4,0.6,0.444,0,0.518,0.55
label937,0.36,0.387,0.48,0.24,0.429,-0.288,0.32,0.385
label938,0.5,0.5,0.52,0.48,0.51,0,0.499,0.475
label939,0.56,0.56,0.56,0.56,0.56,0.12,0.538,0.509
label940,0.44,0.429,0.36,0.52,0.391,-0.122,0.426,0.448
label941,0.6,0.581,0.72,0.48,0.643,0.206,0.531,0.481
label942,0.34,0.346,0.36,0.32,0.353,-0.32,0.325,0.381
label943,0.38,0.35,0.28,0.48,0.311,-0.245,0.288,0.379
label944,0.38,0.333,0.24,0.52,0.279,-0.25,0.341,0.411
label945,0.32,0.304,0.28,0.36,0.292,-0.361,0.274,0.371
label946,0.52,0.52,0.52,0.52,0.52,0.04,0.528,0.5
label947,0.52,0.524,0.44,0.6,0.478,0.041,0.581,0.637
label948,0.28,0.238,0.2,0.36,0.217,-0.446,0.198,0.343
label949,0.48,0.483,0.56,0.4,0.519,-0.041,0.406,0.414
label950,0.36,0.379,0.44,0.28,0.407,-0.284,0.299,0.376
label951,0.7,0.727,0.64,0.76,0.681,0.403,0.683,0.613
label952,0.34,0.357,0.4,0.28,0.377,-0.322,0.245,0.361
label953,0.44,0.429,0.36,0.52,0.391,-0.122,0.374,0.45
label954,0.36,0.379,0.44,0.28,0.407,-0.284,0.357,0.392
label955,0.46,0.462,0.48,0.44,0.471,-0.08,0.416,0.42
label956,0.58,0.591,0.52,0.64,0.553,0.161,0.552,0.591
label957,0.54,0.542,0.52,0.56,0.531,0.08,0.475,0.573
label958,0.46,0.455,0.4,0.52,0.426,-0.081,0.475,0.515
label959,0.68,0.714,0.6,0.76,0.652,0.365,0.747,0.783
label960,0.48,0.476,0.4,0.56,0.435,-0.041,0.402,0.42
label961,0.34,0.357,0.4,0.28,0.377,-0.322,0.397,0.46
label962,0.5,0.5,0.52,0.48,0.51,0,0.477,0.457
label963,0.38,0.375,0.36,0.4,0.367,-0.24,0.398,0.468
label964,0.62,0.636,0.56,0.68,0.596,0.242,0.603,0.601
label965,0.5,0.5,0.48,0.52,0.49,0,0.482,0.483
label966,0.56,0.556,0.6,0.52,0.577,0.12,0.57,0.543
label967,0.44,0.444,0.48,0.4,0.462,-0.12,0.413,0.443
label968,0.52,0.52,0.52,0.52,0.52,0.04,0.526,0.54
label969,0.5,0.5,0.6,0.4,0.545,0,0.467,0.455
label970,0.52,0.52,0.52,0.52,0.52,0.04,0.504,0.541
label971,0.36,0.37,0.4,0.32,0.385,-0.281,0.259,0.365
label972,0.44,0.44,0.44,0.44,0.44,-0.12,0.411,0.418
label973,0.46,0.464,0.52,0.4,0.491,-0.081,0.494,0.526
label974,0.4,0.4,0.4,0.4,0.4,-0.2,0.27,0.366
label975,0.34,0.318,0.28,0.4,0.298,-0.322,0.366,0.398
label976,0.5,0.5,0.52,0.48,0.51,0,0.533,0.579
label977,0.44,0.44,0.44,0.44,0.44,-0.12,0.366,0.438
label978,0.6,0.6,0.6,0.6,0.6,0.2,0.574,0.513
label979,0.54,0.536,0.6,0.48,0.566,0.081,0.514,0.496
label980,0.52,0.522,0.48,0.56,0.5,0.04,0.499,0.466
label981,0.48,0.48,0.48,0.48,0.48,-0.04,0.419,0.425
label982,0.32,0.304,0.28,0.36,0.292,-0.361,0.373,0.421
label983,0.38,0.4,0.48,0.28,0.436,-0.245,0.362,0.394
label984,0.56,0.556,0.6,0.52,0.577,0.12,0.584,0.514
label985,0.42,0.4,0.32,0.52,0.356,-0.163,0.403,0.505
label986,0.6,0.6,0.6,0.6,0.6,0.2,0.587,0.56
label987,0.48,0.478,0.44,0.52,0.458,-0.04,0.517,0.517
label988,0.48,0.481,0.52,0.44,0.5,-0.04,0.469,0.451
label989,0.46,0.458,0.44,0.48,0.449,-0.08,0.446,0.434
label990,0.36,0.379,0.44,0.28,0.407,-0.284,0.338,0.418
label991,0.44,0.44,0.44,0.44,0.44,-0.12,0.448,0.448
label992,0.46,0.444,0.32,0.6,0.372,-0.083,0.405,0.503
label993,0.36,0.36,0.36,0.36,0.36,-0.28,0.251,0.359
label994,0.52,0.52,0.52,0.52,0.52,0.04,0.534,0.589
label995,0.48,0.474,0.36,0.6,0.409,-0.041,0.488,0.523
label996,0.46,0.458,0.44,0.48,0.449,-0.08,0.469,0.55
label997,0.58,0.571,0.64,0.52,0.604,0.161,0.514,0.479
label998,0.4,0.407,0.44,0.36,0.423,-0.201,0.35,0.399
label999,0.4,0.4,0.4,0.4,0.4,-0.2,0.304,0.447
