0,1,2,3,4,5,6,7,8,9,10,11,12,13,14,15,16,label
NEAT1,0.114537,0.118191,-0.787569,1.330062,-0.522000,0.380949,0.076187,0.335400,1.182369,0.678524,-1.722360,-0.978333,0.329794,-0.243684,-0.108356,0.658035,1
SNHG1,0.179528,0.456379,-0.720672,0.502815,0.427856,-0.469240,-0.087048,0.685300,0.687568,-0.323110,-1.282062,-0.072365,0.139314,0.066726,0.254740,0.142032,1
GAS5,0.337645,0.207342,-0.827687,0.244637,0.312845,-0.781017,-0.099520,0.672833,0.470924,-0.124490,-1.366207,-0.117870,0.103250,-0.176837,0.121713,0.418128,1
SNHG5,0.361250,0.144715,-0.611165,0.208508,0.337039,-0.650934,-0.016498,0.647377,0.324701,-0.274545,-1.395581,0.094033,0.099078,-0.349260,0.096972,0.326150,1
TUG1,0.428505,0.321176,-0.613533,0.421603,0.488889,-0.417380,0.062135,0.661760,0.498794,-0.588504,-1.393644,0.160117,0.116941,-0.050567,0.150503,0.116053,1
XIST,0.508989,0.331071,-0.669461,0.371538,0.498920,-0.477226,0.075075,0.617994,0.476916,-0.549189,-1.359662,0.050004,0.052759,0.049314,0.124746,0.057245,1
NONHSAG013514,0.269185,0.328657,-0.463420,0.465045,0.546415,-0.401025,0.231798,0.657430,0.403402,-0.605257,-1.330499,0.216020,-0.071944,0.014766,0.187119,0.122137,1
RMRP,0.186803,0.312136,-0.476360,0.514417,0.556272,-0.391519,0.300494,0.721533,0.235678,-0.607571,-1.413670,0.233492,-0.070467,-0.006328,0.214062,0.158319,1
JPX,0.198645,0.334962,-0.364569,0.417178,0.581244,-0.454790,0.191786,0.631997,0.393729,-0.615644,-1.323621,0.315362,-0.038651,0.005657,0.168297,0.153267,1
LINC00657,0.227482,-0.226317,-0.586172,0.432543,0.271432,-0.636622,-0.027096,0.242001,0.289362,-0.432409,-1.206562,0.151417,0.080084,-0.178915,0.382549,-0.178300,1
SOX2-OT,0.181768,0.093693,-0.330830,0.632131,0.441176,-0.413910,0.169512,0.659604,-0.136852,-0.446666,-1.439882,0.188717,0.028897,-0.152977,0.121596,0.336139,1
AC084018.1,0.095385,0.337314,-0.353767,0.599788,0.567567,-0.321237,0.350581,0.704772,0.327761,-0.573802,-1.345113,0.353421,-0.128364,-0.075755,0.212416,0.257157,1
MCM3AP-AS1,0.085131,0.503168,-0.431649,0.568467,0.498295,-0.422966,-0.088368,0.724661,0.626502,-0.381239,-1.290606,0.118549,-0.017101,0.055788,0.301339,0.286764,1
SNHG6,0.302531,0.208308,-0.627651,0.267743,0.188167,-0.567523,-0.074013,0.707317,0.327343,-0.152238,-1.442571,0.153246,0.179355,-0.381792,0.115504,0.487187,1
ZFAS1,0.137208,-0.152588,-0.530981,0.470028,0.230514,-0.636980,0.003394,0.302611,0.232890,-0.421396,-1.271052,0.256423,0.023083,-0.124309,0.417419,-0.140656,1
KCNQ1OT1,-0.648223,-0.003300,-0.382507,0.696830,-0.262355,-0.239607,-0.346878,0.042104,1.340937,0.370117,-1.500176,0.100349,0.402403,-0.382793,0.601024,0.027306,1
LINC00511,-0.180517,0.261406,-0.639407,0.853030,0.140630,-0.099636,0.231820,0.316964,0.428610,0.088638,-1.496237,-0.717857,0.199332,-0.582466,-0.018792,-0.126999,1
LINC00338,0.039696,-0.173643,-0.497816,0.521659,0.213973,-0.601483,-0.017925,0.265214,0.273837,-0.385615,-1.224900,0.276973,0.054227,-0.204812,0.438190,-0.119141,1
DANCR,0.127921,0.263349,-0.631949,0.506499,0.067175,-0.534455,0.062239,0.222508,0.575376,-0.110989,-1.446933,0.042435,0.010291,-0.150853,0.321781,-0.265786,1
SNHG15,0.506433,0.101455,-0.587974,1.322246,-0.078342,0.311657,0.112635,-0.053794,0.335822,-0.124326,-1.506069,-0.396155,0.210972,0.285658,0.099648,-0.079210,1
LINC00472,0.145265,0.104145,-0.958035,0.553319,0.244870,-0.189039,-0.103150,0.962545,1.086966,-0.299131,-1.448401,-0.911103,-0.202127,-0.419601,0.288081,0.864268,1
LINC00152,-0.110327,0.506475,-0.698124,0.773289,0.286198,-0.600954,-0.124765,0.428058,0.592441,0.223584,-1.582736,-0.660963,-0.097730,-0.211269,0.321927,0.102498,1
NONHSAG056025,-0.030404,0.198156,-0.413837,0.795224,0.238615,-0.350893,0.079826,0.198739,0.172968,-0.116201,-1.467979,-0.058898,0.205498,-0.278488,0.293821,-0.114762,1
CRNDE,0.521777,0.220044,-0.456500,0.267862,0.415128,-0.599469,-0.151047,0.547729,0.276393,-0.455504,-1.457135,0.222236,-0.036112,-0.034902,0.111222,0.251845,1
TP73-AS1,0.251291,0.065870,-0.386531,0.021014,0.215674,-0.400891,0.238473,0.252292,0.124742,-0.635350,-1.578335,0.724367,0.260456,-0.399859,0.130388,0.007745,1
SBF2-AS1,-0.011901,-0.098000,-0.534577,0.796545,0.475523,-0.488047,0.089850,0.304769,0.073848,-0.186486,-1.286935,-0.221312,0.019701,-0.283881,0.349336,0.145223,1
NPSR1-AS1,-0.004283,-0.322968,-0.406386,0.667158,0.376461,-0.511675,0.029080,0.244955,0.151030,-0.405952,-1.105392,0.100349,0.112212,-0.358353,0.440545,0.002985,1
RP11-159F24.1,-0.287426,0.326247,-0.274131,0.589469,0.812278,-0.263388,0.391134,0.605405,0.538146,-0.805265,-1.106905,0.236547,-0.064721,-0.039009,0.318507,-0.109911,1
CDKN2B-AS1,0.239878,-0.212643,-0.695382,0.603112,0.703155,-0.608568,0.069852,0.119846,0.174109,-0.462300,-1.263216,-0.184573,0.049316,-0.144234,0.264761,0.119348,1
MKLN1-AS1,-0.070875,0.217564,-0.528549,0.757992,0.305478,-0.222781,0.176967,0.306392,0.118826,-0.281685,-1.456807,-0.293859,0.279812,-0.427178,0.298746,-0.172704,1
MIR22HG,0.650341,0.180536,-0.587910,0.396766,0.399854,-0.459967,-0.276360,0.505154,0.247961,-0.457490,-1.458922,0.053614,0.081287,-0.014239,0.090269,0.300716,1
HOXA-AS2,0.113378,-0.221070,-0.462065,0.663017,0.365986,-0.509181,-0.111791,0.087254,0.384019,-0.374361,-1.086240,0.236001,0.177459,-0.208281,0.439820,-0.182578,1
EIF3J-AS1,0.052950,-0.242315,-0.523797,0.509093,0.201754,-0.517611,0.026841,0.242171,0.247396,-0.457640,-1.171690,0.159738,-0.021325,-0.140327,0.432165,-0.073780,1
NONHSAG037420,0.060189,0.075355,-0.560574,0.810498,0.281097,-0.280038,0.145748,0.203781,0.148925,-0.233737,-1.420065,-0.246344,0.084993,-0.275836,0.286153,-0.065961,1
PXN-AS1,0.018903,-0.180460,-0.457173,0.565869,0.059419,-0.623045,0.048972,0.291323,0.232150,-0.289155,-1.239022,0.350613,-0.033973,-0.133849,0.474123,-0.124658,1
LINC00478,-0.063290,-0.393153,-0.376517,0.473292,0.560642,-0.650978,0.094512,0.198676,-0.080308,-0.698161,-1.085240,-0.005225,0.096117,-0.207850,0.348003,0.136680,1
HOTAIR,0.354181,0.980726,-0.701582,0.573947,0.771224,-0.303496,0.165086,0.469055,0.918582,-0.716890,-1.590188,-0.902804,-0.090040,0.053196,0.217168,-0.313676,1
HNF1A-AS1,0.047295,0.292239,-0.421111,1.047043,0.325193,-0.309875,-0.002999,0.097800,0.288808,-0.015416,-1.525433,-0.067753,0.058313,-0.375827,0.279373,-0.095467,1
ASMTL-AS1,-0.256165,-0.158376,-0.328126,0.761431,0.350467,-0.443291,-0.162935,0.184721,-0.074456,-0.399389,-1.265713,0.206206,0.276494,-0.255613,0.487774,0.175482,1
ZEB2-AS1,0.205817,0.236849,-0.283601,0.666595,0.311525,-0.214377,-0.051201,0.685813,-0.012516,-0.372917,-1.551033,0.410364,-0.041259,-0.203781,0.131024,0.491230,1
HOXA-AS3,0.106829,-0.167143,-0.423113,0.492426,0.547928,-0.692587,-0.184690,0.039459,0.238334,-0.479426,-1.170170,0.152209,0.147891,-0.057603,0.305221,0.069342,1
KTN1-AS1,-0.058634,-0.415518,-0.383608,0.564915,0.574943,-0.570945,0.120524,0.207521,0.128727,-0.520254,-1.041319,0.150074,0.112357,-0.344343,0.424963,0.033431,1
RP11-438N16.1,-0.129466,-0.423055,-0.385818,0.822209,0.331046,-0.388656,-0.053040,0.190915,0.058711,-0.391470,-1.070467,0.125731,0.135031,-0.406801,0.436613,-0.040952,1
RP11-216C10.1,-0.111559,-0.174405,-0.263843,0.808785,0.313264,-0.470211,-0.043316,0.174726,0.119500,-0.251338,-1.219080,0.351844,0.146588,-0.393981,0.411293,-0.011903,1
DLX6-AS1,-0.114373,-0.164770,-0.412810,0.605865,0.436106,-0.630250,-0.139034,0.157635,0.302546,-0.300535,-1.182038,0.309433,0.091099,-0.282936,0.456612,0.065791,1
GS1-251I9.4,0.201556,-0.107381,-0.468464,0.149927,0.477304,-0.792308,-0.216447,0.191804,0.487785,-0.636831,-1.190793,0.283286,0.055214,-0.128738,0.449416,-0.235930,1
PDCD4-AS1,0.262646,-0.411397,-0.534043,0.600799,0.174987,-0.540482,0.129933,0.242615,0.453366,-0.333241,-1.032313,0.174811,-0.043360,-0.220758,0.454130,-0.327214,1
MIR31HG,0.523545,-0.019975,-0.314831,0.454391,0.626195,-0.327527,0.032419,0.605280,-0.071032,-0.668219,-1.342933,-0.085385,-0.052373,-0.072455,0.036346,0.596660,1
NONHSAG013533,0.085551,-0.321848,-0.497745,0.531782,0.547633,-0.545428,-0.157313,0.086010,0.305557,-0.424540,-1.111824,0.132058,0.153238,-0.313403,0.488183,0.029578,1
HOXA11-AS,0.528940,0.423675,-1.087421,0.628625,0.515657,-0.301475,-0.028658,0.293295,0.545552,-0.612647,-1.824923,-1.056342,-0.033115,-0.424736,0.218272,-0.093493,1
LINC00473,0.050281,-0.191712,-0.691175,0.572065,0.708594,-0.837364,-0.344162,0.311831,0.551168,-0.242022,-1.004124,-0.484746,-0.047055,-0.054677,0.475133,0.257446,1
MEG3,-0.283920,-0.462266,-0.281268,0.655524,0.626096,-0.552680,0.044267,0.199236,0.059863,-0.675766,-0.908020,-0.011224,0.171840,-0.497601,0.433289,0.112345,1
FOXD2-AS1,0.350660,0.569731,-0.671987,0.594222,0.305498,-0.335149,-0.138761,0.118962,0.515781,-0.371151,-1.699328,-0.535754,0.024831,-0.272603,0.319602,-0.250881,1
A1BG-AS1,-0.081444,-0.164437,-0.344718,0.635767,0.235473,-0.459787,-0.158092,0.200432,0.234462,-0.322573,-1.251271,0.298554,-0.015456,-0.272092,0.499499,-0.117034,1
CUDR,-0.032688,0.558533,-0.434074,0.826710,0.214010,-0.305223,-0.016409,0.382817,0.070517,-0.275789,-1.634650,-0.220349,0.055272,-0.464015,0.277064,-0.109741,1
LINC00461,0.677500,-0.280887,-0.863899,0.449185,0.736728,-0.748378,-0.533217,0.088312,0.795094,-0.389478,-1.016057,-0.262373,0.266399,-0.344672,0.571539,0.029136,1
AP000330.8,-0.154903,-0.416668,-0.528887,0.735557,0.345749,-0.516415,0.030464,0.141019,0.267940,-0.368338,-1.005780,0.135145,0.049242,-0.265901,0.452071,0.003567,1
NONHSAG036412,-0.138196,-0.163768,-0.351073,0.673257,0.221311,-0.405590,-0.121333,0.223711,0.077168,-0.349811,-1.298116,0.365756,0.067414,-0.304458,0.468463,-0.029893,1
NONHSAG033589,-0.141208,-0.213633,-0.264386,0.605666,0.446158,-0.526810,-0.152578,0.177087,0.110871,-0.372249,-1.200775,0.274329,0.099756,-0.366101,0.427778,0.080190,1
MLLT4-AS1,-0.158914,-0.162790,-0.301846,0.719645,0.200985,-0.589572,0.045964,0.342152,0.208620,-0.156748,-1.218437,0.426092,0.014795,-0.326065,0.358897,-0.070471,1
CASC2,-0.029379,-0.484430,-0.471505,0.733204,0.531188,-0.392788,-0.143080,0.056022,0.121781,-0.508513,-1.003785,-0.062345,0.166442,-0.281313,0.436486,0.068664,1
WT1-AS,0.310545,0.034154,-0.498898,0.557465,0.551734,-0.630031,-0.455433,0.012059,0.572792,-0.259533,-1.187833,0.131971,0.346745,-0.342529,0.501314,0.009725,1
ADAMTS9-AS2,-0.013075,-0.483598,-0.355220,0.669009,0.685344,-0.518014,-0.120185,0.035599,0.147782,-0.570504,-0.880026,-0.161783,0.167516,-0.354375,0.418120,0.134553,1
AIRN,-0.178339,-0.215013,-0.306709,0.740960,0.377299,-0.470864,-0.085415,0.179454,0.097314,-0.359390,-1.252426,0.326222,0.038918,-0.407786,0.451243,0.113967,1
ZNF674-AS1,0.092562,-0.305994,-0.551503,0.353897,0.311196,-0.579231,-0.076706,0.195628,0.195433,-0.575220,-1.195912,0.111371,-0.057386,-0.157148,0.429512,-0.062991,1
HOTAIRM1,0.014486,-0.087697,-0.446666,0.381285,0.503317,-0.702342,-0.363570,0.149633,0.383284,-0.526709,-1.152457,0.208121,0.135636,-0.196809,0.402277,0.017228,1
RP3-510D11.2,-0.181295,-0.240682,-0.334768,0.755848,0.181444,-0.430930,-0.165082,0.104502,0.180669,-0.237708,-1.164458,0.367116,0.030869,-0.189802,0.477991,-0.030573,1
MIR155HG,0.639388,-0.363955,-1.202862,-0.073035,0.448426,-0.952009,-0.384750,0.463249,0.557318,-0.344800,-1.163076,-0.472655,0.080669,-0.725119,0.435438,0.676885,1
FENDRR,0.180590,0.029063,-0.402518,0.701110,0.702428,-0.584821,-0.174657,0.253155,-0.193895,-0.173834,-1.442363,-0.612580,-0.064717,-0.480463,0.366091,0.391634,1
EGFR-AS1,-0.165403,-0.298180,-0.338557,0.691699,0.321749,-0.477331,-0.261771,0.064820,0.075212,-0.362591,-1.163475,0.221050,0.043167,-0.232222,0.405771,0.100606,1
RP11-276H19.1,-0.267795,0.215022,-0.079480,0.510771,1.266569,-0.180969,0.188479,0.564082,0.651175,-1.122296,-0.966624,0.240655,0.039941,-0.135494,0.325481,0.174337,1
RP13-582O9.5,-0.012284,-0.062791,-0.499516,0.464231,0.332601,-0.552323,-0.247762,0.188723,0.352293,-0.355266,-1.262875,0.353056,-0.010488,-0.294847,0.532764,0.012905,1
RP11-279F6.1,0.084594,-0.496909,-0.399849,0.617373,0.706404,-0.437032,-0.030141,0.119841,0.038014,-0.578976,-1.022126,-0.154537,0.156073,-0.427493,0.404376,0.157868,1
LINC00707,0.300827,-0.556674,-0.455797,0.527375,0.678556,-0.474338,-0.077588,0.100514,0.148960,-0.706382,-0.954449,-0.296712,0.025118,-0.241267,0.402823,-0.008339,1
PCAT7,-0.119122,-0.324968,-0.107474,0.785717,0.468553,-0.497391,-0.200558,0.010972,0.009154,-0.341434,-1.099188,0.196955,0.037643,-0.295702,0.457109,0.158240,1
LUCAT1,0.293454,0.450472,-0.635575,0.758084,0.349041,-0.465774,-0.089515,0.298976,0.191609,-0.130486,-1.761802,-0.741894,-0.342105,-0.179471,0.322879,0.006708,1
RMST,-0.076002,-0.360717,-0.165018,0.486289,0.727081,-0.577552,-0.129232,0.012389,0.111074,-0.645820,-1.024446,0.188744,0.152742,-0.374719,0.371489,0.010354,1
INHBA-AS1,0.021487,-0.233080,-0.293547,0.382714,0.578503,-0.781351,-0.188196,0.109536,0.057532,-0.630229,-1.144547,0.021397,-0.001841,-0.294543,0.411829,0.277009,1
LINC00173,-0.042696,-0.187369,-0.243838,0.728295,0.403735,-0.414927,-0.204874,0.119317,0.179481,-0.275168,-1.232354,0.357832,0.004279,-0.360038,0.452719,-0.050209,1
MIR503HG,0.015936,-0.233855,-0.280959,0.587849,0.495990,-0.478045,-0.138486,0.073476,-0.014027,-0.428654,-1.243391,0.163881,0.061389,-0.360405,0.367264,0.149572,1
PCGEM1,-0.126178,-0.495913,0.475567,1.391784,0.405207,0.036581,0.367581,-0.137703,-0.141334,-0.537710,-1.580932,-0.432877,0.176101,-0.868551,0.193735,0.510448,1
LINC00847,-0.017672,0.026030,-0.383173,0.580007,0.457050,-0.439541,-0.297265,0.133909,0.172778,-0.462719,-1.234930,0.006004,-0.150826,-0.211134,0.448487,0.099220,1
LPP-AS2,0.077646,-0.020662,-0.421512,0.435344,0.108184,-0.619006,0.004493,0.211641,0.361635,-0.429044,-1.238646,0.395217,-0.145910,-0.309383,0.501673,-0.059153,1
AC074389.9,-0.115615,-0.257032,-0.363943,0.685173,0.403916,-0.418502,-0.339142,0.229666,-0.025746,-0.398406,-1.329538,0.272893,0.021502,-0.448816,0.368544,0.123935,1
ATXN8OS,-0.161003,-0.299489,-0.091470,0.555796,0.756714,-0.807094,-0.219254,0.093846,-0.042332,-0.513350,-0.990289,-0.082365,0.106519,-0.368943,0.405829,0.495939,1
CEBPA-AS1,-0.047063,-0.307449,-0.410149,0.632439,0.146712,-0.448754,-0.067257,0.132464,0.324320,-0.287211,-1.113664,0.347281,-0.054919,-0.236801,0.517658,-0.010802,1
LINC00968,-0.085981,-0.328699,-0.213858,0.495856,0.572800,-0.562184,-0.214340,0.072540,-0.053682,-0.580965,-1.120158,0.028076,0.103870,-0.401370,0.401317,0.292991,1
DDX11-AS1,-0.200915,-0.296072,-0.277990,0.620282,0.349985,-0.462972,-0.190159,0.064952,-0.105983,-0.507815,-1.155225,0.109085,-0.021114,-0.184167,0.467963,0.217732,1
GAS5-AS1,0.254514,-0.114686,-0.457491,0.122565,0.199624,-0.883686,-0.034233,0.218424,0.433179,-0.562036,-1.075157,0.185090,-0.231145,0.023406,0.397021,0.017208,1
HOTTIP,0.326195,-0.489900,-0.899574,0.870915,0.585866,0.019674,-0.156044,0.030449,0.057617,-0.948923,-0.959760,-0.729355,-0.036745,-0.688256,0.734989,0.125584,1
PCA3,-0.167184,-0.325036,-0.196309,0.853196,0.554390,-0.503920,-0.411524,0.080951,-0.032150,-0.498458,-1.138617,-0.127623,0.024751,-0.246715,0.423331,0.435452,1
LINC00887,-0.091958,-0.380191,-0.167162,0.672360,0.546469,-0.519010,-0.311287,-0.028092,-0.098932,-0.579494,-1.067880,0.037483,0.094646,-0.251170,0.441202,0.266700,1
ACTA2-AS1,-0.150635,-0.351393,-0.256858,0.335891,0.775862,-0.652208,-0.075917,0.117328,0.179854,-0.671000,-1.112511,0.335442,0.098613,-0.515146,0.406922,0.052756,1
LOC100132891,0.405788,-0.331971,-0.346036,0.459709,0.367847,-0.782222,0.064371,0.130162,0.611728,-0.396963,-0.756178,-0.034086,-0.225895,-0.013113,0.406402,-0.105457,1
RP4-788L20.3,-0.008980,-0.599348,-0.520614,0.556784,0.640619,-0.327885,-0.180447,0.195400,0.020811,-0.786250,-0.963351,-0.338512,0.125850,-0.562666,0.493137,0.160390,1
LINC00032,-0.108645,-0.365389,-0.115518,0.631519,0.609545,-0.435518,-0.273077,0.010497,-0.065438,-0.622660,-1.031563,-0.026707,0.123490,-0.351552,0.403128,0.227104,1
ZNF667-AS1,-0.305645,-0.321296,-0.240092,0.665936,0.472758,-0.473483,-0.324965,0.065246,-0.026954,-0.555437,-1.006768,-0.042514,0.051623,-0.321716,0.462219,0.318300,1
FEZF1-AS1,0.349762,0.663054,-0.595381,0.939452,0.345447,-0.267385,-0.339365,-0.006056,0.350505,-0.373550,-1.790530,-0.945007,-0.099501,-0.265723,0.360310,0.064468,1
FLVCR1-AS1,0.065850,-0.208861,-0.320100,0.399981,0.511016,-0.508211,-0.419731,0.174068,0.207844,-0.604005,-1.214123,0.141998,0.016073,-0.405273,0.370582,-0.029928,1
MIR7-3HG,0.027612,-0.333570,0.010694,0.639020,0.668163,-0.516425,-0.245289,-0.021136,-0.089431,-0.496650,-1.022084,-0.063810,0.127460,-0.355389,0.393388,0.240829,1
RP11-190D6.2,-0.210321,-0.221423,-0.285010,0.631581,0.350060,-0.494523,-0.128574,0.120716,0.008934,-0.464623,-1.074146,0.041670,-0.122500,-0.138832,0.453478,0.228820,1
HULC,0.857628,0.617486,-0.595401,0.672516,0.174469,-0.420919,-0.541004,0.260713,0.568457,-0.288656,-1.700074,-0.971489,-0.521954,-0.051803,0.727405,-0.076620,1
RP11-48O20.4,-0.086040,-0.377794,-0.188861,0.601320,0.447144,-0.463808,-0.342181,-0.023724,-0.134543,-0.646876,-1.052493,-0.066167,0.028405,-0.264176,0.401350,0.250229,1
CPS1-IT1,0.913901,-0.180817,-0.320062,0.326463,0.118138,-0.327089,-0.031416,0.918961,0.557789,-0.584354,-1.279376,0.427801,-0.534191,-0.056119,-0.087228,0.760895,1
EGOT,-0.085796,-0.328846,-0.046720,0.755139,0.712786,-0.538189,-0.076428,0.070699,-0.051815,-0.292707,-1.057184,0.095919,0.166095,-0.269268,0.404714,0.195169,1
LINC00857,-0.117702,-0.335361,-0.096371,0.562179,0.497229,-0.397828,-0.410804,0.004397,-0.088705,-0.610675,-1.068782,-0.044025,0.050084,-0.336951,0.435777,0.284746,1
FGF13-AS1,0.085219,-0.171330,-0.210827,0.493219,0.535656,-0.621580,-0.384457,0.134658,0.107568,-0.517837,-1.124959,0.104427,-0.040519,-0.290573,0.252516,-0.006758,1
LINC00525,-0.072055,-0.284089,-0.295785,0.321163,0.541343,-0.478306,-0.305666,0.162391,0.027242,-0.670573,-1.164145,0.046168,-0.084006,-0.400917,0.411889,0.330483,1
LEMD1,0.149521,-0.402499,0.130255,0.614345,0.141805,-0.679647,0.035879,0.045021,0.138039,-0.378601,-0.844951,0.064967,-0.399709,0.018585,0.340132,0.106620,1
LINC00052,-0.221995,-0.118253,-0.313133,0.722025,0.325729,-0.489938,-0.026523,0.082442,-0.097842,-0.473258,-1.190081,0.189439,-0.006336,-0.054942,0.610931,0.230705,1
NONHSAG017379,0.533756,0.366828,-0.435614,1.088271,0.070223,-0.417213,-0.200314,0.196187,0.508696,0.036025,-1.556252,-0.966658,-0.741545,0.015262,0.488460,0.001771,1
AP001065.2,-0.252328,-0.395302,-0.187131,0.716090,0.503182,-0.422406,-0.424968,0.143296,-0.054056,-0.560876,-1.069020,0.036389,-0.037561,-0.362050,0.295602,0.151806,1
NONHSAG056029,0.225908,-0.454022,0.223957,0.520816,0.417768,-0.889212,0.253576,0.058724,0.098450,-0.284825,-0.769764,-0.067088,-0.200332,0.057874,0.417305,0.157651,1
NRON,0.184276,-0.388220,0.126863,0.234584,-0.000092,-0.394259,-0.238520,0.129714,0.212889,-0.482058,-0.976432,0.032197,-0.428957,-0.167286,0.976454,-0.040724,1
CTD-2195M18.1,-0.073382,-0.458542,-0.091609,0.679732,0.603502,-0.494328,-0.384266,0.104643,-0.039088,-0.511339,-0.971498,-0.074626,-0.026813,-0.404637,0.234440,0.137546,1
RP11-269C23.3,-0.248792,-0.313405,-0.296516,0.731393,0.258446,-0.290537,-0.362028,0.160081,0.023446,-0.356109,-1.197850,0.267462,-0.105279,-0.390832,0.323432,-0.030225,1
LINC-RoR,0.071574,-0.138655,-0.026636,0.659407,0.531112,-0.495967,-0.185368,-0.131577,-0.037757,-0.606099,-1.027267,-0.007982,-0.027363,-0.335887,0.426133,0.196976,1
RP11-242F24.1,0.103519,-0.190445,0.022388,0.734503,0.544993,-0.435844,-0.233611,-0.160741,-0.064779,-0.591886,-1.004526,-0.023289,0.059251,-0.300072,0.374112,0.183659,1
TUSC7,-0.077187,-0.386147,-0.302180,0.696835,0.631189,-0.304092,-0.582518,0.140126,-0.149127,-0.606133,-1.242719,-0.092527,-0.057606,-0.463755,0.431887,0.223813,1
NONHSAG051291,0.290192,-0.471373,0.249356,0.552983,0.214595,-0.603167,0.003542,0.014868,0.131659,-0.354896,-0.836916,0.020438,-0.369011,-0.206939,0.414481,-0.006731,1
BACE1-AS,0.109704,-0.427568,-0.029742,0.408988,0.087913,-0.463902,-0.134098,0.062471,0.136822,-0.533528,-0.900477,0.018318,-0.367644,-0.081704,0.560736,0.070200,1
RP4-792G4.2,-0.096255,-0.019888,-0.336752,0.549150,0.384119,-0.446915,-0.476192,0.158015,0.269988,-0.465732,-1.265248,0.339101,0.017887,-0.805002,0.337196,0.003241,1
NONHSAG027342,0.271424,-0.486148,0.030111,0.663860,0.192430,-0.604279,0.064325,0.082439,0.154240,-0.385919,-0.843924,0.031559,-0.353723,0.071537,0.178252,-0.067525,1
RP11-484N16.1,-0.095389,-0.405434,-0.221265,0.540835,0.058441,-0.474329,0.035642,0.081058,0.107534,-0.228584,-1.080886,0.302556,-0.062003,-0.003027,0.672186,0.018584,1
CCAT2,1.131022,0.951111,-0.879715,1.323951,-0.990969,-0.897976,-0.017588,0.014916,0.021900,-0.323715,-2.009866,-1.478238,-0.739783,0.800625,0.123154,-0.179071,1
C14orf23,-0.017106,-0.571114,0.121460,0.704901,0.181600,-0.816947,-0.007518,0.157462,0.302991,-0.266019,-0.641583,-0.011142,-0.427463,-0.050073,0.280260,0.166380,1
NONHSAG029985,0.315502,-0.526556,0.345440,0.691688,0.367679,-0.656620,-0.033621,0.072780,0.171533,-0.292821,-0.765903,0.016281,-0.353790,-0.166090,0.136383,-0.021036,1
PCAT6,-0.106119,-0.054136,-0.300585,0.781959,0.295283,-0.271310,-0.500174,0.065292,0.289431,-0.515102,-1.162608,0.325993,-0.022402,-0.556011,0.288967,-0.146369,1
LINC00599,-0.043741,-0.228361,-0.224511,0.403452,0.724311,-0.317350,-0.488462,0.318647,0.095463,-0.493435,-1.274297,0.104669,0.276151,-0.303797,0.476921,-0.038209,1
PANDAR,-2.075411,0.053358,0.800047,1.882035,-0.818520,-0.569373,-1.270915,0.604580,0.853130,0.165817,-0.671574,0.274874,1.267023,-0.442994,1.433453,-0.081460,1
RP5-1121A15.1,-0.158267,-0.345972,-0.065396,0.611399,0.469793,-0.415843,-0.503829,0.104020,-0.062976,-0.631625,-1.068636,-0.034065,-0.162958,-0.199817,0.212828,0.072096,1
FLI1-AS1,-0.296433,-0.445303,-0.020817,0.479147,0.741430,-0.342044,-0.557389,0.317625,-0.198719,-0.512376,-1.183833,-0.044811,0.165571,-0.232956,0.490164,0.133316,1
RP11-701H24.7,0.149081,-0.717867,-0.703511,0.480044,0.390374,-0.313689,-0.088480,0.499951,0.480507,-0.262176,-1.014454,0.031489,0.132417,-0.177611,0.557644,-0.380599,1
NONHSAG033254,-0.096130,-0.275205,-0.092790,0.445282,0.608299,-0.303441,-0.319681,0.145802,-0.055012,-0.494840,-1.138484,-0.123630,0.048239,-0.118746,0.639981,0.204748,1
AGAP2-AS1,0.845166,-0.606581,-0.242970,1.170677,0.209582,-1.676960,-0.584546,0.400710,-1.227914,1.641150,-1.406664,-3.243199,-0.340996,-0.350528,0.563514,1.062488,1
NONHSAG052510,0.332989,-0.244119,0.279930,0.730996,0.277744,-0.621826,0.160841,-0.089350,0.212414,-0.504231,-0.687541,-0.074708,-0.370132,-0.279463,0.402649,0.090268,1
RHPN1-AS1,0.038263,-0.457062,-0.099829,0.555585,0.058872,-0.479516,-0.222923,0.234463,0.160512,-0.344949,-1.020566,0.196378,-0.453666,-0.204546,0.284143,-0.084739,1
LINC00974,-0.137121,-0.176548,-0.108700,0.494229,0.566258,-0.357817,-0.264787,-0.094115,-0.278209,-0.738237,-1.085969,-0.152080,0.368958,-0.220719,0.760071,0.396105,1
AC113607.2,-0.002534,-0.505138,0.098913,0.534513,0.788884,-0.504115,-0.397848,0.164199,-0.131271,-0.384248,-1.073534,-0.046312,0.109490,-0.108214,0.304350,0.190593,1
NONHSAG014098,0.073534,-0.575498,0.144951,0.488650,-0.002099,-0.465779,-0.328821,0.219022,0.221282,-0.434435,-0.818211,-0.058358,-0.564031,-0.239104,0.346856,-0.072123,1
NONHSAG018058,0.085113,-0.476815,0.094628,0.534881,0.075873,-0.397855,-0.213059,0.217155,0.269797,-0.485469,-0.835636,-0.055339,-0.607052,-0.129502,0.333365,-0.069860,1
NONHSAG041250,0.009500,-0.497350,0.127805,0.508006,0.058501,-0.505443,-0.238204,0.228427,0.246619,-0.435580,-0.843837,-0.089685,-0.653958,-0.216891,0.344132,-0.093386,1
LUST,0.137560,-0.574381,0.135416,0.335286,0.122356,-0.485187,0.032433,0.222574,0.165190,-0.307807,-0.840040,-0.068565,-0.322558,0.062848,0.829257,0.055856,1
LINC00162,-0.204053,-0.004166,0.111643,0.408411,0.725719,-0.285028,-0.574224,0.473428,-0.368930,-0.843203,-1.198619,-0.187416,0.546525,-0.849161,0.486578,0.424740,1
NONHSAG032126,0.324932,-0.193823,0.067451,0.488196,-0.174031,-0.494335,0.394764,0.086154,0.195409,-0.476089,-0.609687,-0.306379,-0.155817,-0.090988,1.360898,0.426657,1
KIAA0125,0.138019,-0.075711,-0.104718,0.350497,-0.066691,-0.532565,0.629884,0.146933,0.049104,-0.547181,-1.050102,0.225543,-0.198948,-0.226006,1.033017,-0.006573,1
RP11-838N2.4,-0.157430,-0.394816,-0.039232,0.521286,0.475523,-0.396540,-0.472017,0.001659,-0.452975,-0.983395,-0.982390,-0.142237,0.556170,-0.302479,0.597004,0.314249,1
RP11-524C21.1,0.083808,-0.804588,0.304088,0.267312,0.128578,-0.450858,-0.330146,0.716816,0.113808,-0.185895,-0.927569,-0.015817,-0.410948,0.165418,0.688193,-0.153878,1
LINC00460,0.128823,-0.798479,0.319398,0.309894,0.148656,-0.481307,-0.246991,0.683648,0.158436,-0.206251,-0.861419,0.040430,-0.417340,0.158757,0.614959,-0.152618,1
NONHSAG006477,-0.019623,-0.883866,0.250148,0.279007,0.093998,-0.460760,-0.237659,0.580376,0.121029,-0.177404,-0.891125,0.081290,-0.380913,0.202956,0.625690,-0.119866,1
LINC00364,-0.251472,-0.108321,0.431433,0.875009,0.663548,-0.153624,-0.943371,0.196645,-0.596331,-0.950940,-1.024961,-0.420969,0.775980,-0.562135,0.578567,0.290073,1
NONHSAG004026,0.320378,-0.163737,0.177704,0.368542,-0.101288,-0.490740,0.415706,-0.166650,0.215942,-0.483414,-0.721936,-0.068571,-0.045805,-0.008406,1.367289,0.321786,1
TRERNA1,1.061620,1.207449,-0.643263,1.633653,-0.702401,-0.915198,-1.015992,-0.017072,0.723730,0.230801,-2.257735,-1.880952,-0.048400,-0.336978,0.096767,-0.043404,1
RP5-973M2.2,0.010204,-0.256248,-0.073234,0.295614,-0.011349,-0.765459,-0.376720,-0.324047,-0.443498,-0.954754,-0.939282,-0.008250,0.331991,0.518209,0.639595,0.540671,1
RP11-849H4.4,-0.035891,-0.161406,-0.385453,0.650542,0.262463,-0.484154,-0.171143,0.137903,0.200446,-0.327861,-1.261901,0.349188,0.147404,-0.201495,0.443324,-0.088608,0
RP11-192H23.5,-0.132855,-0.182197,-0.335914,0.730374,0.215191,-0.474141,-0.072617,0.354023,0.087773,-0.214793,-1.289926,0.383188,0.195596,-0.240087,0.436980,-0.054043,0
RP11-143J12.3,-0.144972,-0.184111,-0.417975,0.663434,0.152207,-0.525993,-0.003911,0.217735,0.093964,-0.276415,-1.247456,0.328538,0.007941,-0.222672,0.414064,0.078239,0
RN7SKP130,-0.118586,-0.144787,-0.407980,0.683739,0.267746,-0.462886,-0.038415,0.196994,-0.012477,-0.492147,-1.242574,0.214052,0.120719,-0.335285,0.435572,0.097425,0
RP11-755B10.2,-0.126889,-0.140741,-0.352956,0.635988,0.330768,-0.555130,-0.083566,0.179056,0.161240,-0.319733,-1.228320,0.322683,0.070685,-0.254104,0.405929,0.101036,0
RP11-344N10.2,-0.098522,-0.177137,-0.303676,0.699861,0.000646,-0.453773,0.105937,0.305319,0.180674,-0.235294,-1.207965,0.474573,-0.011852,-0.367088,0.482590,-0.045782,0
RP11-843A23.1,-0.284239,-0.190487,-0.321609,0.667051,0.387498,-0.458782,-0.053939,0.206395,-0.014281,-0.450171,-1.246039,0.253298,-0.000681,-0.295373,0.475776,0.178329,0
RP11-435D7.3,0.015404,-0.156924,-0.370231,0.651918,0.257353,-0.457102,-0.050581,0.098381,0.119606,-0.332790,-1.256387,0.331726,-0.056317,-0.126999,0.360332,-0.097274,0
AC004535.2,-0.135319,-0.203134,-0.282649,0.681655,0.195767,-0.589187,0.092969,0.238490,0.166152,-0.252606,-1.188432,0.419479,-0.099652,-0.410176,0.458177,0.054027,0
AK2,0.227888,-0.321232,-0.193381,0.485844,-0.000968,-0.749318,0.259855,0.143731,0.040828,-0.504213,-1.003230,0.070457,-0.338681,0.322691,0.257290,-0.050943,0
CTA-363E6.7,0.291994,-0.121683,-0.503058,0.273617,0.221780,-0.719033,-0.306964,0.132498,0.526655,-0.397890,-1.149785,0.276890,0.202867,0.176737,0.544027,-0.124602,0
ZNF91,0.231341,-0.361159,-0.538616,0.177908,0.131271,-0.835477,0.206317,0.267630,0.278643,-0.648500,-1.064927,-0.001910,-0.306752,0.014207,0.400816,0.051687,0
VWC2L-IT1,-0.242803,-0.332111,-0.196206,0.583775,0.665097,-0.649589,-0.202637,0.087416,0.008270,-0.542423,-1.030187,-0.001212,0.048326,-0.375466,0.355744,0.428889,0
RP11-171L9.1,-0.043747,-0.365903,-0.086860,0.710777,0.659408,-0.492467,-0.195681,-0.030246,-0.087448,-0.550811,-1.002410,-0.074319,0.156445,-0.376183,0.398603,0.231587,0
RP11-672F9.1,-0.111788,-0.330511,-0.241565,0.494685,0.674433,-0.487001,-0.202509,0.127255,-0.105415,-0.637132,-1.162279,-0.044658,0.078885,-0.518470,0.417402,0.304350,0
CTC-325H20.4,0.037018,-0.283416,-0.254023,0.444666,0.485779,-0.578581,-0.117304,0.059514,-0.061126,-0.531184,-1.167364,0.088716,-0.025936,-0.299742,0.351051,0.258567,0
NONHSAG037116,0.192600,-0.338095,-0.050056,0.455673,0.110718,-0.734123,0.119197,0.055421,0.065618,-0.552462,-0.882992,-0.006716,-0.308644,0.217843,0.346171,0.121410,0
ZMYM1,0.052274,-0.357004,-0.192099,0.460318,-0.016890,-0.734537,0.124368,0.125238,0.081697,-0.502208,-0.894812,0.046331,-0.387358,0.171054,0.366139,0.133064,0
ZBTB40-IT1,-0.240492,-0.240494,-0.281818,0.658303,0.272567,-0.353362,-0.204640,0.109310,0.031612,-0.432759,-1.133815,0.184911,-0.112248,-0.261776,0.485393,0.179452,0
RP11-413M3.4,-0.023481,0.063920,-0.582846,0.689617,0.737666,-0.920286,-0.445983,0.389749,0.662847,0.217694,-1.095854,-0.256426,0.128712,-0.145206,0.744370,0.510455,0
LINC00903,-0.018439,-0.579764,-0.495656,0.614351,0.590342,-0.278850,-0.075463,0.123475,0.082325,-0.802694,-0.835036,-0.362566,-0.036618,-0.328926,0.488438,0.105717,0
NONHSAG026463,0.409332,-0.436781,-0.084395,0.430366,0.114592,-0.823787,0.300329,0.025135,-0.015206,-0.438498,-0.912526,0.047068,-0.085297,0.357089,0.305635,0.084189,0
RP4-633I8.4,-0.157135,-0.304693,-0.335800,0.629280,-0.047485,-0.518629,0.090162,0.208774,0.071297,-0.189807,-1.183203,0.408474,-0.062586,0.004867,0.608478,0.054523,0
RP1-41C23.1,-0.039951,-0.304350,-0.219464,0.372628,0.648972,-0.592517,-0.218017,0.130410,0.002388,-0.589990,-1.120621,0.045753,0.008871,-0.451505,0.410818,0.358141,0
RP11-640N20.9,0.291769,-0.606052,-0.224526,0.521082,0.239781,-0.533495,0.136455,0.028648,0.168084,-0.567338,-0.749221,-0.132183,-0.244658,0.013181,0.380882,0.021453,0
RP4-548D19.3,-0.225326,-0.096011,-0.189111,0.867736,0.203114,-0.348893,-0.276408,0.164140,-0.180161,-0.448886,-1.240741,0.259960,0.326632,-0.169602,0.555509,0.082024,0
NONHSAG034676,0.190344,-0.389615,0.107033,0.645146,0.259496,-0.659375,0.056959,0.040979,0.132734,-0.320702,-0.837362,0.054937,-0.261696,-0.033688,0.367459,0.130349,0
RP11-318K15.2,-0.136872,-0.303187,-0.224199,0.603867,0.311720,-0.381987,-0.254117,0.054263,-0.024551,-0.497441,-1.088679,0.097253,-0.096747,-0.256378,0.478227,0.201549,0
RP11-109D20.2,0.172526,0.047834,-0.520159,0.363497,0.099270,-0.728183,-0.054709,0.168857,0.437407,-0.354690,-1.226537,0.479999,0.238973,-0.166869,0.647109,0.004226,0
NONHSAG028176,0.179388,-0.442135,-0.211263,0.425426,-0.022515,-0.579211,0.055691,-0.004265,0.051904,-0.572060,-0.984976,0.144254,-0.317817,0.198417,0.460685,0.095518,0
RP3-417O22.3,0.071960,-0.195737,-0.353833,0.336293,0.433304,-0.552105,-0.304940,-0.026951,0.071101,-0.565713,-1.164092,0.062498,0.082637,0.180002,0.483146,0.121872,0
NONHSAG010285,0.236269,-0.425509,0.214185,0.561421,0.285441,-0.694767,0.064577,-0.008980,0.150939,-0.354298,-0.805430,0.030380,-0.268641,-0.092210,0.337094,0.057489,0
MED25,0.117163,-0.403671,-0.072481,0.544182,-0.024780,-0.595562,-0.078907,0.028071,0.130950,-0.528665,-0.864862,0.047265,-0.353632,0.123560,0.459758,0.143837,0
RP11-218E20.5,0.025258,-0.305848,-0.396078,0.597739,-0.035865,-0.448835,0.213398,0.150397,0.107043,-0.200620,-1.200223,0.443000,-0.004904,-0.034904,0.580729,0.020077,0
DIP2A-IT1,-0.118301,0.001165,-0.321183,0.476887,0.331663,-0.606017,-0.192616,0.283880,0.061511,-0.523153,-1.184292,0.168535,0.355686,-0.373424,0.528942,0.129899,0
C19orf52,-0.081357,-0.322814,-0.094722,0.451842,0.090618,-0.623254,0.017342,0.212481,0.097516,-0.534632,-0.887707,-0.013115,-0.403027,0.014730,0.437827,0.145072,0
U51244.2,-0.116199,-0.286139,-0.148306,0.533555,0.374340,-0.399356,-0.329100,0.027382,-0.049238,-0.615451,-1.058911,-0.048784,-0.091241,-0.140297,0.529658,0.203192,0
NONHSAG008159,0.235374,-0.391232,0.138335,0.603519,0.324789,-0.676048,0.085370,-0.002126,0.182406,-0.343478,-0.817814,-0.000278,-0.291002,-0.104140,0.346977,0.061391,0
PPP2R5A,-0.182347,-0.343971,0.032775,0.636255,0.064879,-0.814617,0.188033,0.228620,0.303450,-0.410598,-0.657734,-0.154199,-0.554341,0.121931,0.482527,0.286054,0
CASP8,0.084387,-0.364322,-0.057160,0.536733,0.019954,-0.606757,-0.030170,0.060825,0.137916,-0.503274,-0.871300,0.035116,-0.378586,0.014718,0.425315,0.142832,0
NONHSAG027606,0.273842,-0.461693,0.274929,0.638410,0.335737,-0.635236,0.082188,0.031764,0.171092,-0.346230,-0.768286,0.005818,-0.310962,-0.148495,0.423149,0.063705,0
RP11-344P13.4,-0.020121,-0.344997,-0.200369,0.508629,0.020095,-0.438366,-0.085481,0.069246,0.171060,-0.382602,-1.035251,0.261592,-0.335761,-0.208472,0.562374,0.001771,0
NONHSAG027034,0.019196,-0.414595,0.080563,0.528315,0.261009,-0.677436,0.081570,0.135621,0.247670,-0.427313,-0.746257,-0.130142,-0.454770,-0.128249,0.514387,0.097076,0
RP11-195E2.4,0.203448,-0.020395,-0.439904,0.377831,0.267117,-0.663892,-0.364449,-0.082787,0.767212,-0.482025,-0.948516,0.228129,-0.022831,-0.062968,0.595743,0.003349,0
NONHSAG012896,0.400611,-0.625883,-0.118036,0.627193,0.372590,-0.483744,0.182359,0.098742,0.303112,-0.454844,-0.671691,-0.247516,-0.285425,-0.207704,0.451935,-0.020735,0
RP11-153K11.3,-0.179308,-0.376888,-0.123894,0.489046,0.652685,-0.332885,-0.366082,0.073251,-0.246284,-0.668968,-1.112126,-0.125334,0.329907,-0.304609,0.582159,0.309713,0
NONHSAG025966,0.050283,-0.416662,-0.063091,0.422279,0.069631,-0.580169,-0.115252,-0.000365,0.138628,-0.566839,-0.870441,0.071109,-0.317065,-0.005688,0.508139,0.125626,0
RP11-429K17.1,-0.087355,-0.248522,0.029386,0.745541,0.676030,-0.509620,-0.219347,-0.071502,-0.192011,-0.551324,-1.024448,-0.009978,0.298210,-0.231296,0.460647,0.377842,0
CTD-2302E22.2,0.058866,-0.288011,-0.465792,0.421074,0.192020,-0.390970,-0.094039,0.176401,0.422382,-0.174313,-1.200602,0.448784,0.105653,-0.124571,0.728425,-0.017231,0
RP11-423H2.5,-0.148365,-0.452105,-0.216141,0.537000,0.675236,-0.277924,-0.259063,0.061726,-0.125743,-0.623724,-1.066021,-0.087009,0.245945,-0.281798,0.588053,0.246340,0
NONHSAG038817,0.276900,-0.402456,0.201834,0.564629,0.308625,-0.620045,0.025501,0.001257,0.199087,-0.295153,-0.844637,0.056742,-0.314134,-0.204887,0.470857,-0.086430,0
NONHSAG006450,0.213550,-0.446562,0.241566,0.633050,0.268151,-0.597011,0.017791,-0.031185,0.223484,-0.363116,-0.764419,-0.029071,-0.353697,-0.113750,0.453435,0.033986,0
RP11-123O1.1,0.109697,-0.174119,-0.036213,0.642117,0.485866,-0.450637,-0.265109,-0.149336,-0.072389,-0.640159,-1.006291,-0.105771,0.011468,-0.249423,0.446326,0.272164,0
NONHSAG028126,0.264838,-0.369652,0.280560,0.555121,0.246336,-0.562368,0.057354,0.007069,0.190844,-0.334627,-0.837761,-0.014849,-0.399474,-0.160732,0.500084,0.003437,0
AC010090.1,0.088485,-0.135758,0.013697,0.679972,0.558222,-0.478093,-0.187174,-0.188242,-0.042076,-0.549977,-1.042531,-0.067413,-0.012381,-0.228893,0.456070,0.237538,0
CTD-2331H12.5,0.175581,-0.436595,0.190001,0.457296,0.192012,-0.551504,-0.027891,0.107458,0.220576,-0.448836,-0.782783,-0.040347,-0.373976,-0.139909,0.490241,0.075974,0
RP11-33I11.2,-0.055447,-0.350880,-0.415712,0.231946,0.224079,-0.622535,0.158591,0.277947,0.079921,-0.269535,-1.202028,0.287316,-0.075163,-0.285648,0.682477,0.274657,0
COX7A2P1,0.104913,-0.442073,0.015223,0.455628,0.073822,-0.449793,-0.121485,-0.002324,0.174322,-0.554212,-0.871157,-0.040365,-0.415011,-0.003137,0.586526,0.109915,0
RP11-342L8.2,0.037928,-0.398457,-0.008575,0.410284,0.106400,-0.479800,-0.160016,0.045167,0.109731,-0.568417,-0.865396,-0.016387,-0.332648,-0.106034,0.553807,0.167126,0
NONHSAG052452,0.133549,-0.419599,0.003347,0.449780,-0.015971,-0.563785,-0.044860,0.087213,0.182682,-0.513675,-0.795350,-0.012681,-0.419014,-0.028007,0.478759,0.103724,0
RN7SL81P,-0.070918,-0.323259,0.057704,0.421000,0.065453,-0.579047,0.088292,0.279753,0.232803,-0.472401,-0.784597,-0.191675,-0.546347,-0.099092,0.548062,0.094986,0
KCNJ1,0.016455,-0.434090,0.038142,0.546802,0.043356,-0.568480,0.011638,0.077648,0.272142,-0.443093,-0.803185,0.053331,-0.504132,0.008445,0.522204,0.113651,0
SELL,0.036488,-0.459277,0.062006,0.595431,0.006068,-0.574155,-0.002771,0.082643,0.234491,-0.443626,-0.766714,0.056319,-0.467784,-0.052912,0.543397,0.107435,0
NONHSAG000157,0.112409,-0.495636,0.000141,0.486063,0.027139,-0.547345,-0.050981,0.073346,0.158952,-0.458956,-0.857733,0.011166,-0.434046,-0.007329,0.478800,0.054848,0
RP11-522L3.3,0.109849,-0.454120,0.023344,0.451677,0.009797,-0.466647,-0.051604,0.140537,0.206764,-0.444797,-0.883751,0.066184,-0.473032,-0.142094,0.496383,0.010314,0
NONHSAG010277,0.034382,-0.367215,0.269846,0.598613,0.350900,-0.783432,0.064154,0.193923,0.175799,-0.378143,-0.736845,-0.157342,-0.500996,-0.187631,0.220357,-0.010133,0
NONHSAG002487,0.348001,-0.313992,-0.053036,0.671460,0.072107,-0.666376,0.267580,-0.036684,0.114904,-0.575968,-0.803681,-0.114567,-0.423853,-0.068697,0.307477,0.100677,0
NONHSAG030865,0.299545,-0.304373,0.315606,0.709465,0.387665,-0.751163,0.152156,-0.157355,0.214148,-0.364092,-0.729316,-0.057206,-0.297172,-0.241637,0.378492,0.090615,0
NONHSAG044238,0.182812,-0.410123,0.092896,0.412678,0.020334,-0.439050,-0.113343,0.098232,0.201440,-0.485481,-0.871610,-0.065693,-0.496971,-0.136480,0.534840,0.031464,0
NONHSAG047595,0.097124,-0.439780,0.086981,0.457071,0.005322,-0.439888,-0.060985,0.095632,0.251383,-0.522345,-0.798440,-0.027336,-0.487395,-0.188776,0.610290,0.036636,0
RP11-510D21.1,-0.086412,-0.166506,-0.149718,0.621147,0.382350,-0.392306,-0.392755,-0.144098,-0.042007,-0.771248,-1.004274,-0.130965,-0.067604,-0.316368,0.523720,0.287917,0
CDH23-AS1,-0.031723,-0.034051,-0.253222,0.499720,0.668193,-0.349240,-0.449807,-0.144254,0.106884,-0.753758,-1.072998,-0.119283,0.420948,-0.266554,0.723267,0.253062,0
NONHSAG019774,0.084295,-0.439974,0.043288,0.468784,0.081166,-0.418243,-0.128699,0.065922,0.200644,-0.524044,-0.867058,-0.045407,-0.486983,-0.099324,0.555293,0.122131,0
NONHSAG008178,0.273774,-0.323499,0.076968,0.609087,0.082060,-0.674233,0.005615,-0.129751,0.192855,-0.602248,-0.724278,-0.026791,-0.359226,-0.084023,0.428377,0.169749,0
RP11-475C16.2,-0.222065,-0.410083,-0.080969,0.571149,0.529092,-0.367397,-0.571509,0.137157,-0.107160,-0.657048,-1.085299,-0.072035,-0.060134,-0.421133,0.293549,0.211249,0
NONHSAG039590,0.097853,-0.457384,0.086194,0.419868,0.020670,-0.481126,-0.092991,0.043980,0.172336,-0.514648,-0.837075,-0.057588,-0.459189,-0.132710,0.591396,0.022922,0
NONHSAG038564,0.102007,-0.549786,-0.093072,0.289769,0.103778,-0.553610,-0.051155,0.019195,0.046851,-0.489943,-0.896051,0.043207,-0.094240,0.193591,0.651462,0.193116,0
NONHSAG044992,0.144944,-0.433553,0.082100,0.427418,0.027581,-0.398455,-0.095047,0.118704,0.263233,-0.551535,-0.825883,-0.021231,-0.457741,-0.200184,0.547966,0.055673,0
NONHSAG012005,0.128578,-0.434166,0.043114,0.470844,0.033437,-0.438779,-0.119753,0.074939,0.269786,-0.492867,-0.815716,-0.045408,-0.456205,-0.101834,0.547700,0.066425,0
RN7SL464P,0.129654,-0.401640,0.083722,0.474896,-0.016016,-0.500848,-0.093968,0.069352,0.272404,-0.451194,-0.785331,-0.065430,-0.464963,-0.150739,0.574520,0.079847,0
RP11-490K7.4,0.173400,-0.413972,0.099760,0.440011,0.042572,-0.421675,-0.046491,0.084658,0.227036,-0.512991,-0.861643,-0.015082,-0.540979,-0.135942,0.607002,-0.016268,0
NONHSAG020351,-0.147445,-0.539429,0.060876,0.670947,0.012900,-0.785622,-0.062952,0.192939,0.361903,-0.354539,-0.621193,-0.044325,-0.513978,0.115523,0.302803,0.148031,0
NONHSAG025622,0.108965,-0.460501,0.099576,0.401881,-0.003426,-0.522603,-0.105872,0.121361,0.224719,-0.481680,-0.805001,-0.025685,-0.473343,-0.178156,0.578388,-0.008475,0
MRPL51P2,0.150679,-0.479553,0.075265,0.448078,0.024316,-0.463690,-0.144886,0.125803,0.207769,-0.504722,-0.830684,-0.013341,-0.464468,-0.162182,0.595280,0.093192,0
RN7SL481P,0.131729,-0.420350,0.121189,0.446869,-0.008648,-0.403297,-0.098022,0.115678,0.267121,-0.505138,-0.805181,-0.060084,-0.485217,-0.177441,0.550912,0.027892,0
RN7SL65P,0.077771,-0.440759,0.084693,0.389399,0.011901,-0.477909,-0.073372,0.102774,0.203787,-0.513876,-0.840649,-0.015705,-0.466786,-0.181567,0.547083,0.071373,0
NONHSAG021027,0.145537,-0.410273,0.101564,0.447037,0.021064,-0.471374,-0.100344,0.107126,0.253135,-0.445722,-0.814086,-0.077634,-0.487496,-0.176823,0.577050,0.025391,0
NONHSAG054423,-0.021477,-0.479594,-0.025411,0.427001,0.075790,-0.626908,0.002686,0.098225,0.045869,-0.441543,-0.862753,0.053621,-0.127947,0.266193,0.749225,0.232990,0
RP11-491H9.3,0.141001,-0.397964,0.089363,0.445011,-0.032331,-0.481064,-0.035931,0.085095,0.215039,-0.492992,-0.793867,-0.079405,-0.450729,-0.133105,0.587379,0.042577,0
NONHSAG032188,0.123865,-0.451423,0.081420,0.445995,0.078377,-0.470003,-0.100127,0.139193,0.246872,-0.455794,-0.861399,-0.026410,-0.476598,-0.117399,0.590642,0.081698,0
NONHSAG049194,0.078200,-0.451513,-0.095137,0.464079,0.018054,-0.559395,-0.217427,0.076425,0.042512,-0.655559,-0.886866,-0.042199,-0.387415,0.088800,0.334728,0.059710,0
RP11-49I4.3,-0.157128,-0.284166,-0.378315,0.284866,0.386689,-0.781197,-0.163061,0.325112,0.371562,-0.328990,-1.014163,0.176820,-0.032889,0.103190,0.519663,0.029558,0
RN7SKP296,-0.175400,-0.550852,0.017254,0.601256,0.017870,-0.847148,0.201525,0.233137,0.306993,-0.257580,-0.634902,-0.005217,-0.357315,0.348289,0.653294,0.261906,0
NONHSAG000994,0.372996,-0.276836,0.323748,0.684753,0.248816,-0.576351,0.186129,-0.110158,0.212416,-0.402064,-0.779303,-0.051132,-0.418809,-0.310077,0.405927,0.019353,0
NONHSAG030898,0.304934,-0.450848,0.338642,0.603562,0.314025,-0.631831,-0.002394,0.131566,0.122610,-0.349357,-0.818646,-0.014344,-0.419452,-0.183509,0.206863,-0.030671,0
RP11-883G14.3,-0.185256,-0.167096,-0.373877,0.918227,-0.240622,-0.535560,-0.038338,0.151672,0.210638,-0.302500,-1.039779,0.384597,-0.297803,-0.264781,0.256403,-0.153244,0
NONHSAG004475,0.253392,-0.184588,0.280505,0.672819,0.265731,-0.597062,0.112828,-0.084616,0.197430,-0.485461,-0.789908,-0.016997,-0.392054,-0.248627,0.423514,0.101102,0
NONHSAG039659,0.066990,-0.529946,-0.065798,0.397212,0.102500,-0.494386,-0.331577,0.090703,0.163433,-0.555166,-0.871577,-0.040939,-0.413056,-0.101236,0.342712,0.069232,0
RN7SL568P,0.352154,-0.381786,-0.188955,0.463647,-0.191905,-0.643782,-0.063875,-0.091109,-0.144484,-0.843261,-0.965490,-0.082214,-0.401685,0.157495,0.043762,0.065975,0
NONHSAG011509,0.413522,-0.294246,0.360424,0.680587,0.262379,-0.649789,0.174409,-0.155582,0.206425,-0.473511,-0.706862,-0.039346,-0.326990,-0.299573,0.464936,0.084642,0
RP11-68I3.5,0.138227,-0.431264,-0.010086,0.404505,0.192216,-0.484706,-0.032685,0.044144,0.042277,-0.435868,-0.930226,0.037362,-0.088899,0.091939,0.769712,0.179284,0
NONHSAG005473,0.278261,-0.321374,0.248051,0.681108,0.269231,-0.623364,0.109205,-0.164016,0.173389,-0.510796,-0.773006,-0.012447,-0.369091,-0.252176,0.405001,0.027472,0
NONHSAG032674,0.045168,-0.497371,-0.012586,0.267968,0.076828,-0.492096,-0.097233,0.048915,0.032031,-0.356184,-0.944668,0.019328,-0.119688,0.177951,0.763521,0.209820,0
RN7SL113P,0.264839,-0.466124,-0.133078,0.297805,-0.061736,-0.500168,0.242783,0.268457,0.024257,-0.365490,-1.053592,0.004273,-0.282873,0.401893,0.595592,-0.007381,0
RP11-973F15.2,0.278715,-0.307581,0.223560,0.653656,0.160581,-0.661203,0.076023,-0.158341,0.310357,-0.506143,-0.655019,-0.066534,-0.400858,-0.238366,0.557813,0.182891,0
RP11-296E23.2,0.159380,-0.289549,-0.056466,0.532909,-0.016400,-0.475471,-0.103336,-0.163274,0.097226,-0.684686,-0.797373,-0.076526,-0.265114,-0.200537,0.617723,0.205220,0
RP4-633I8.3,-0.168774,-0.378520,0.089698,0.283837,0.173902,-0.648401,0.318991,0.429710,0.168186,-0.284549,-0.793419,-0.163922,-0.442421,0.095427,0.781919,0.170736,0
NONHSAG028641,-0.052111,-0.413931,0.037523,0.354112,0.182389,-0.686090,0.216193,0.367527,0.185220,-0.286027,-0.828910,-0.132269,-0.360057,0.160001,0.769775,0.180869,0
NONHSAG038396,0.050368,-0.564789,0.085911,0.628571,-0.042916,-0.600162,-0.192161,0.180954,0.268586,-0.426784,-0.739841,0.038365,-0.565547,-0.032974,0.319063,0.036033,0
RP1-265C24.5,0.162694,-0.558999,0.016306,0.232539,0.022819,-0.611313,0.066314,0.108873,0.177887,-0.433257,-0.849831,0.069537,-0.224340,0.247534,0.707882,0.129886,0
NONHSAG053665,0.041438,-0.486757,0.072165,0.491279,0.001483,-0.553344,0.082561,0.220173,0.171452,-0.227626,-0.841575,0.065276,-0.302586,0.234695,0.718361,0.107786,0
NONHSAG001240,0.098680,-0.547931,0.089351,0.315531,0.026626,-0.605209,0.163671,0.267161,0.090645,-0.323318,-0.899215,-0.022141,-0.338266,0.279691,0.686993,0.067232,0
CTD-2231E14.5,-0.322591,-0.644316,0.051938,0.096261,0.650017,-0.642158,0.453068,-0.178896,-0.169120,-1.208136,-0.736902,0.407451,0.373237,-0.480055,0.859202,0.042644,0
NONHSAG026434,0.484914,-0.376723,0.497653,0.809043,0.555233,-0.847140,0.431080,-0.092658,0.128360,-0.147875,-0.660834,0.055212,0.054594,-0.064216,0.594338,0.213535,0
RN7SL502P,0.196859,-0.542746,-0.034192,0.349015,0.014860,-0.469011,0.135961,0.175997,0.133364,-0.335874,-0.946013,0.034670,-0.267144,0.238387,0.736508,-0.021673,0
NONHSAG020876,0.161578,-0.573459,0.163688,0.534491,0.050021,-0.479446,-0.326034,0.199563,0.201146,-0.506975,-0.848639,-0.032679,-0.659795,-0.206191,0.297551,-0.107584,0
NONHSAG039270,0.026687,-0.543813,0.172967,0.529659,0.037953,-0.462528,-0.264382,0.231320,0.250651,-0.492133,-0.798616,-0.058773,-0.606530,-0.137182,0.396179,-0.047188,0
NONHSAG040962,0.093969,-0.549707,0.188414,0.459955,0.006038,-0.385241,-0.259203,0.273454,0.226837,-0.503782,-0.818865,-0.057268,-0.583240,-0.183844,0.375775,-0.066624,0
NONHSAG020392,0.101256,-0.165241,-0.028619,0.644762,-0.048959,-0.369769,0.068488,-0.050795,0.273044,-0.487797,-0.870320,0.075301,-0.437628,-0.346817,0.623568,0.074999,0
NONHSAG025679,0.087005,-0.637756,0.165351,0.449209,-0.016500,-0.498351,-0.269041,0.243438,0.212690,-0.538784,-0.777457,-0.011777,-0.568889,-0.213764,0.360779,-0.085841,0
NONHSAG039923,0.146574,-0.562086,0.035404,0.465251,0.033206,-0.446788,-0.301376,0.313980,0.193531,-0.481766,-0.862852,-0.142931,-0.620593,-0.176413,0.326964,-0.078180,0
NONHSAG051217,-0.034490,-0.177553,0.337123,0.752402,0.359396,-0.917544,0.232645,0.172822,0.135113,-0.523990,-0.633414,-0.227246,-0.593935,-0.345786,0.123158,0.066247,0
RP11-17M24.2,-0.325671,-0.582175,-0.099788,0.475170,0.637784,-0.315379,-0.602888,0.284861,-0.167737,-0.484313,-1.131322,0.044670,0.261957,-0.257567,0.477632,0.142634,0
RN7SL735P,0.112856,-0.549649,0.155055,0.254098,0.090258,-0.516519,0.043752,0.181485,0.148654,-0.319362,-0.834134,-0.043570,-0.186550,0.109991,0.902248,0.072224,0
NONHSAG013197,0.147631,-0.502346,0.179292,0.317823,0.050113,-0.475899,0.101932,0.290558,0.124373,-0.303503,-0.881161,0.019413,-0.272764,0.109111,0.806468,0.077579,0
RP11-764I5.1,0.059531,-0.560613,0.192498,0.436116,0.068611,-0.395591,-0.386118,0.339317,0.228975,-0.509289,-0.864715,-0.046536,-0.601218,-0.197432,0.276599,-0.149481,0
NONHSAG015983,0.133709,-0.150661,0.341147,0.671787,0.497495,-0.911329,0.600184,0.097646,0.074798,-0.312075,-0.661465,-0.166578,-0.163454,-0.028581,0.552067,0.280017,0
RP11-465L8.1,0.087025,-0.491430,0.177406,0.458072,0.001480,-0.418822,-0.286562,0.296267,0.182365,-0.472931,-0.848078,-0.107016,-0.609090,-0.204085,0.300981,-0.057512,0
RN7SL552P,0.112260,-0.639822,0.093639,0.508112,0.026780,-0.428317,-0.374579,0.236525,0.280951,-0.397910,-0.832283,-0.046938,-0.580118,-0.198443,0.387169,-0.130604,0
AC016716.1,0.096110,-0.487709,0.100410,0.412286,0.001105,-0.465785,-0.302167,0.305378,0.273158,-0.488680,-0.819328,-0.086854,-0.621282,-0.245352,0.314236,-0.117570,0
CTB-85P21.1,0.128144,-0.589802,0.162070,0.444265,0.011580,-0.527815,-0.304552,0.278037,0.231616,-0.484487,-0.814778,-0.027642,-0.607413,-0.255431,0.344352,-0.093966,0
RN7SL173P,0.062343,-0.489484,0.182630,0.509337,0.012811,-0.457199,-0.306468,0.335418,0.218700,-0.476773,-0.840776,-0.053723,-0.650140,-0.225169,0.382695,-0.160247,0
NONHSAG003308,0.112670,-0.510543,0.138010,0.297717,0.079453,-0.414823,0.105184,0.245172,0.115331,-0.326583,-0.910308,-0.094040,-0.284698,0.081591,0.923706,0.087186,0
NONHSAG042537,0.096872,-0.538215,0.147129,0.293203,0.036428,-0.468182,0.046918,0.270653,0.163609,-0.310211,-0.846938,-0.030203,-0.266029,0.077522,0.881719,0.117368,0
RN7SL68P,0.081161,-0.527443,0.187527,0.442859,-0.017021,-0.427144,-0.371781,0.290798,0.197763,-0.532181,-0.812500,-0.075225,-0.573407,-0.225210,0.299948,-0.146393,0
RP11-255A11.2,0.316350,-0.267619,0.077898,0.556967,0.312978,-0.692627,0.167271,-0.190538,0.044903,-0.427613,-0.827618,0.048736,0.052470,0.035494,0.741348,0.353040,0
NONHSAG037074,0.131877,-0.525851,0.144499,0.303028,0.054443,-0.387522,0.055525,0.269405,0.171350,-0.352680,-0.861097,-0.074265,-0.282608,0.082852,0.848019,0.035945,0
RP11-157D18.2,0.125944,-0.525485,0.154964,0.293833,0.015433,-0.458130,0.052867,0.206913,0.156535,-0.267051,-0.902230,-0.002328,-0.277736,0.149943,0.912068,0.037650,0
RN7SKP99,0.159255,-0.570023,0.077656,0.311078,0.109350,-0.442635,0.088742,0.258636,0.130841,-0.380478,-0.861776,-0.011176,-0.254200,0.039939,0.837122,0.073921,0
ZNF847P,0.114696,-0.527635,0.145602,0.234861,0.131489,-0.424032,0.106921,0.280931,0.185474,-0.282749,-0.904372,-0.055275,-0.275558,0.151209,0.928999,0.059650,0
NONHSAG041180,0.196179,-0.218490,0.072532,0.510674,-0.093837,-0.448214,0.020334,-0.145352,0.302447,-0.687932,-0.727645,-0.098262,-0.496029,-0.370772,0.626496,0.143411,0
NONHSAG006909,0.061611,-0.479005,0.172639,0.464949,0.111853,-0.478608,-0.255850,0.209404,0.248120,-0.531336,-0.825588,-0.084572,-0.610379,-0.195599,0.346276,-0.051735,0
RP5-1163L11.3,0.145531,-0.512624,0.117063,0.322236,-0.000953,-0.457919,0.081470,0.235820,0.090723,-0.321579,-0.868833,-0.064313,-0.260979,0.067142,0.794996,0.137828,0
RP11-432F4.2,0.145387,-0.560898,0.178139,0.345937,0.099917,-0.520239,0.049802,0.259656,0.144202,-0.301465,-0.858290,-0.031223,-0.314639,0.162120,0.758075,0.032626,0
PHBP12,0.073892,-0.525821,0.148444,0.294844,0.071689,-0.478709,0.082488,0.256911,0.142958,-0.247807,-0.866646,0.009225,-0.257506,0.060610,0.893425,0.171113,0
RN7SL285P,0.126772,-0.552695,0.190571,0.369036,0.110431,-0.395109,0.054746,0.280513,0.144557,-0.320850,-0.867773,-0.020254,-0.302534,0.070667,0.814401,0.049742,0
NONHSAG036796,0.180436,-0.266331,0.141008,0.567286,-0.135928,-0.505157,0.034608,-0.075596,0.201226,-0.632550,-0.736339,-0.082570,-0.501683,-0.325805,0.581439,0.098051,0
NONHSAG013726,0.165866,-0.198281,0.036215,0.588009,-0.087769,-0.485571,-0.053338,-0.135984,0.303214,-0.653169,-0.736684,-0.096575,-0.525195,-0.324846,0.685247,0.132926,0
NONHSAG026738,-0.100256,-0.618358,-0.048628,0.570030,0.094599,-0.683736,-0.210545,0.269283,0.017224,-0.287031,-0.867776,0.069567,-0.229520,0.284166,0.492591,0.225492,0
RP11-317F20.2,0.133586,-0.540686,0.129392,0.218741,0.128139,-0.538119,0.102429,0.215322,0.143314,-0.348189,-0.904471,-0.008872,-0.335472,0.022385,0.826181,0.047336,0
RN7SL741P,0.148467,-0.464887,0.126830,0.238865,0.055820,-0.478522,0.053879,0.286534,0.154093,-0.354195,-0.886104,-0.010331,-0.311305,0.070462,0.917340,0.144785,0
NONHSAG039829,0.063909,-0.542358,0.124406,0.445747,0.124175,-0.502623,-0.279905,0.272490,0.216593,-0.495687,-0.830496,-0.095904,-0.609089,-0.181147,0.294461,-0.033431,0
RP11-792A8.3,0.122795,-0.555616,0.148157,0.322097,0.105356,-0.470468,0.058442,0.176359,0.187282,-0.330442,-0.843791,-0.019532,-0.241443,0.138316,0.836257,0.026992,0
NONHSAG049121,0.139167,-0.556745,0.168937,0.294238,0.071520,-0.479635,0.093101,0.257898,0.151832,-0.273196,-0.873921,-0.051620,-0.320492,0.072035,0.918885,0.066249,0
NONHSAG052508,0.116916,-0.527684,0.119828,0.303033,0.099614,-0.466837,0.052995,0.223360,0.203628,-0.278343,-0.865903,-0.046182,-0.266154,0.092022,0.813847,0.016117,0
NONHSAG054553,0.160716,-0.637885,0.142626,0.357730,0.088941,-0.446115,0.086261,0.249361,0.172443,-0.358598,-0.823633,-0.014750,-0.287603,0.110649,0.825220,0.093691,0
RN7SL448P,0.151602,-0.224339,0.135580,0.586236,-0.130940,-0.399157,-0.007009,-0.120541,0.211030,-0.708022,-0.738896,-0.087576,-0.517300,-0.364113,0.585369,0.127780,0
NONHSAG001028,0.162026,-0.218458,0.097050,0.560235,-0.099054,-0.478425,0.101181,-0.079798,0.234770,-0.731318,-0.730764,-0.131259,-0.551749,-0.325420,0.682518,0.137669,0
NONHSAG038886,0.210079,-0.274313,0.110540,0.553519,-0.018532,-0.394671,0.059135,-0.089655,0.204720,-0.694789,-0.753830,-0.136386,-0.480964,-0.281103,0.642440,0.141045,0
MTND1P21,0.100506,-0.613885,0.147967,0.322383,0.133913,-0.410072,0.068067,0.284010,0.189618,-0.288746,-0.838987,-0.018507,-0.231239,0.152216,0.939085,0.045504,0
RP11-334E6.4,0.140935,-0.529978,0.143307,0.333690,0.081763,-0.401635,0.054243,0.263012,0.170951,-0.327402,-0.902810,-0.037675,-0.344471,0.097495,0.760996,0.025033,0
NONHSAG007065,0.102838,-0.260387,0.092030,0.553401,-0.040421,-0.472767,-0.027979,-0.091682,0.218865,-0.650618,-0.753431,-0.051376,-0.454655,-0.255287,0.666039,0.169448,0
NONHSAG017890,0.219885,-0.228939,-0.106916,0.381289,-0.064246,-0.623439,0.198114,-0.147765,-0.100803,-0.628811,-0.916183,-0.034347,-0.027683,0.332219,0.802487,0.298496,0
NONHSAG000265,0.435763,-0.592106,0.530079,0.630366,0.585311,-0.706236,0.116625,0.283996,0.087305,-0.008215,-0.854597,0.032613,-0.150229,0.005244,0.375998,-0.060578,0
RP11-774I5.1,-0.302198,-0.513385,-0.031348,0.528473,0.665726,-0.260641,-0.658727,0.279462,-0.154070,-0.446266,-1.199375,-0.047858,0.095907,-0.041422,0.448637,0.118187,0
RN7SL308P,0.152024,-0.698147,-0.042384,0.311338,0.004739,-0.715635,-0.035419,0.380984,-0.007372,-0.313915,-1.023271,0.160220,-0.288093,0.392392,0.282663,0.035354,0
AC073284.4,-0.134891,-0.413339,-0.117720,0.782906,0.443038,-0.362413,-0.474963,-0.087513,0.034825,-0.844446,-0.863414,-0.092458,-0.083960,-0.727682,0.325617,0.110542,0
AC006150.1,-0.158569,-0.536704,-0.030938,0.490441,0.657455,-0.235241,-0.643197,0.352029,-0.203244,-0.421093,-1.199761,-0.155426,0.069130,-0.134437,0.433288,0.165632,0
RN7SL775P,0.426922,-0.211071,0.477279,0.692139,0.521540,-0.778289,0.492064,-0.175271,0.108654,-0.281679,-0.699994,-0.019489,0.037031,-0.114126,0.753538,0.227659,0
NONHSAG016439,0.399467,-0.292549,0.433862,0.841627,0.267496,-0.712546,-0.034271,-0.138012,0.184818,-0.501690,-0.656398,-0.071670,-0.407530,-0.333657,0.178719,-0.029710,0
RN7SL264P,0.300843,-0.280873,0.249118,0.640690,0.279029,-0.699082,0.418545,-0.176402,0.177147,-0.359826,-0.682984,0.042184,-0.001102,-0.108008,0.785618,0.247974,0
NONHSAG015621,0.274508,-0.288263,0.212316,0.626118,0.332244,-0.665290,0.407522,-0.131850,0.204411,-0.370068,-0.689925,-0.019911,-0.057270,-0.050503,0.762859,0.298149,0
RN7SL143P,0.472301,-0.857352,-0.172191,0.288530,0.093800,-0.660726,0.242565,0.673618,-0.240192,-0.391517,-1.191640,-0.175414,-0.468869,0.490885,0.122986,-0.203078,0
NONHSAG034932,0.082280,-0.331700,-0.068078,0.527773,-0.055393,-0.561492,-0.321816,-0.111861,0.095100,-0.834141,-0.795065,0.024327,-0.424160,-0.301990,0.294032,0.093415,0
FTH1P15,-0.198702,-0.391303,0.111896,0.863278,-0.101442,-1.041383,-0.117116,0.084915,0.521018,-0.519890,-0.382205,-0.143992,-0.706547,-0.080089,0.221854,0.259562,0
RP11-4M23.3,0.116505,-0.136260,-0.063947,0.334221,0.039930,-0.497149,0.133346,-0.219814,0.008107,-0.626761,-0.893779,-0.018108,0.066052,0.082330,1.045332,0.335700,0
AC026806.2,0.263019,-0.480074,-0.005979,0.635670,-0.179917,-0.683064,-0.289543,-0.074643,0.133150,-0.808317,-0.755611,0.064860,-0.565543,-0.102771,0.119985,0.094740,0
RP5-1173A5.1,0.192802,-0.253171,-0.010998,0.453201,0.012660,-0.505000,0.065721,-0.211075,-0.046501,-0.608444,-0.889352,0.067954,0.048341,0.084527,0.904242,0.325908,0
NONHSAG020403,-0.259972,0.041851,0.006358,0.403687,0.066250,-0.795308,0.545818,0.278867,0.159343,-0.555996,-0.700256,-0.314450,-0.397062,0.080690,0.901399,0.339202,0
RP5-1154L15.1,0.147761,-0.217467,-0.125757,0.323018,0.097719,-0.594402,0.071719,-0.176424,0.032625,-0.591451,-0.903649,0.039650,0.038806,0.056123,0.958348,0.301176,0
NONHSAG023737,0.077372,-0.122102,-0.017619,0.500769,-0.100506,-0.585007,0.408538,-0.018301,0.145297,-0.328526,-0.813297,0.017352,-0.099411,0.024733,1.049871,0.250312,0
NONHSAG033291,-0.051519,-0.745790,-0.024203,0.327765,0.080489,-0.460575,-0.237840,0.619725,0.201327,-0.036502,-1.045762,0.217967,-0.252211,0.026815,0.596114,-0.219855,0
RN7SL635P,0.083073,-0.853365,0.352560,0.242203,0.145421,-0.495569,-0.290836,0.650190,0.150033,-0.136983,-0.887858,0.015284,-0.365432,0.143962,0.611647,-0.172575,0
RN7SL39P,0.121228,-0.845339,0.313306,0.207136,0.161176,-0.464700,-0.244687,0.661329,0.126005,-0.153069,-0.934859,0.039468,-0.335169,0.213376,0.664897,-0.122192,0
NONHSAG035826,0.050731,-0.823258,0.293470,0.338678,0.018027,-0.443308,-0.309961,0.655581,0.131934,-0.182666,-0.847530,-0.022241,-0.403548,0.107102,0.652215,-0.168245,0
NONHSAG051013,0.155562,-0.923684,0.204957,0.243993,0.168698,-0.322739,-0.304363,0.743059,0.117238,-0.184862,-0.926991,-0.052912,-0.347608,0.245110,0.658256,-0.189443,0
RP11-5N11.1,0.101886,-0.760947,0.242739,0.228323,0.145214,-0.437449,-0.211194,0.659814,0.114641,-0.231993,-0.912729,-0.086598,-0.408868,0.173188,0.568726,-0.076762,0
NONHSAG022998,0.128854,-0.819311,0.285336,0.324279,0.089592,-0.411525,-0.270553,0.645138,0.091487,-0.250791,-0.884050,-0.027784,-0.414994,0.147263,0.598735,-0.187858,0
CTC-498M16.3,0.100554,-0.862878,0.315743,0.258652,0.150113,-0.450295,-0.207888,0.585478,0.052194,-0.234833,-0.881377,-0.038900,-0.365738,0.132975,0.606561,-0.196220,0
NONHSAG026844,0.132696,-0.836537,0.316385,0.296165,0.144804,-0.486574,-0.294179,0.720195,0.158739,-0.139180,-0.892797,-0.030234,-0.410748,0.223753,0.613249,-0.160638,0
RP5-926E3.1,0.044571,-0.715459,0.297296,0.265640,0.114625,-0.486134,-0.224937,0.634605,0.057095,-0.190522,-0.958711,0.019700,-0.404080,0.165030,0.559187,-0.061398,0
SUMO1P4,0.128504,-0.796287,0.298106,0.312348,0.134554,-0.427727,-0.292592,0.721637,0.104588,-0.152111,-0.938459,0.000568,-0.430485,0.144951,0.620915,-0.137274,0
NONHSAG035830,0.067588,-0.761733,0.318644,0.276517,0.101054,-0.510294,-0.294415,0.690022,0.132096,-0.212697,-0.908920,0.014573,-0.407342,0.232054,0.659766,-0.135412,0
RP11-728D14.6,0.031711,-0.783956,0.308364,0.256298,0.122911,-0.490340,-0.250518,0.574893,0.117956,-0.255501,-0.897207,0.037308,-0.390436,0.187269,0.565252,-0.201361,0
RP11-146G7.2,0.060500,-0.879546,0.238744,0.317632,0.090840,-0.415005,-0.218856,0.575050,0.048325,-0.240883,-0.904182,0.026595,-0.414249,0.124733,0.600600,-0.137427,0
NONHSAG015929,0.128667,-0.846784,0.272889,0.309072,0.138242,-0.450745,-0.192971,0.673532,0.132824,-0.160074,-0.889994,-0.048356,-0.378126,0.234137,0.584794,-0.111293,0
RN7SL105P,0.116998,-0.895223,0.269223,0.251965,0.077340,-0.451528,-0.241867,0.557383,0.090195,-0.119595,-0.985578,0.062707,-0.424093,0.197067,0.601546,-0.139128,0
RPI002_001053,0.139178,-0.295303,0.254383,0.657428,-0.225924,-0.555805,-0.367757,0.062816,0.282302,-0.805909,-0.639091,-0.138431,-0.825908,-0.683444,0.252211,0.021336,0
NONHSAG031062,0.075220,-0.900233,0.287142,0.312691,0.193991,-0.392952,-0.292878,0.656730,0.105032,-0.251491,-0.895565,0.034645,-0.327152,0.184669,0.642105,-0.169549,0
RN7SL40P,0.061832,-0.881912,0.289250,0.328826,0.142918,-0.431940,-0.328135,0.674219,0.206881,-0.157137,-0.863963,0.020289,-0.357192,0.180786,0.721849,-0.251556,0
CTA-268H5.12,-0.233631,-0.161489,-0.213742,0.599696,-0.120561,-0.672777,-0.081902,-0.006144,-0.255972,-0.669386,-1.108034,0.320452,0.089028,0.277988,0.419479,0.148096,0
RP11-690C23.3,0.178231,-0.204900,0.181246,0.810987,-0.218065,-0.494850,-0.254839,0.076266,0.266045,-0.859550,-0.614039,-0.101824,-0.778435,-0.589389,0.162783,-0.119914,0
SLC25A18P1,0.054587,-0.792516,0.249047,0.317945,0.131469,-0.470048,-0.257615,0.677649,0.078931,-0.171173,-0.901767,-0.048161,-0.422549,0.085451,0.552134,-0.112643,0
RP11-563N6.6,0.133209,-0.854408,0.278863,0.255011,0.135791,-0.443033,-0.317667,0.602232,0.070464,-0.188123,-0.909650,-0.071303,-0.340179,0.184729,0.654878,-0.142519,0
NONHSAG030997,0.097757,-0.820905,0.357034,0.259595,0.162338,-0.532107,-0.245108,0.731573,0.112099,-0.149629,-0.907481,0.000697,-0.431071,0.246289,0.602679,-0.146835,0
RP11-263C24.3,0.159428,-0.233129,0.163300,0.677748,-0.162042,-0.503076,-0.304407,0.026159,0.269490,-0.947955,-0.635155,-0.111930,-0.777886,-0.505517,0.118603,0.048706,0
EEF1A1P39,0.179115,-0.256066,0.168703,0.826618,-0.162661,-0.504940,-0.332475,0.001200,0.247039,-0.841361,-0.632624,-0.049819,-0.680842,-0.537220,0.221894,-0.042169,0
RP11-752P2.2,0.111943,-0.847835,0.378664,0.225728,0.091989,-0.440451,-0.297564,0.664689,0.080892,-0.222209,-0.903354,0.004392,-0.433015,0.160411,0.593394,-0.159255,0
NONHSAG007225,0.068891,-0.848964,0.296586,0.220268,0.115472,-0.501412,-0.257074,0.624860,0.048968,-0.259008,-0.915707,0.086107,-0.407185,0.129620,0.579473,-0.131001,0
RPI002_006908,0.142759,-0.213322,0.229070,0.699350,-0.158210,-0.503452,-0.320500,-0.028559,0.302501,-0.844471,-0.622272,-0.123547,-0.673016,-0.430943,0.248957,-0.035234,0
NONHSAG016286,0.110022,-0.846717,0.320650,0.247423,0.121206,-0.498629,-0.277569,0.658658,0.090721,-0.222690,-0.900568,0.057488,-0.334398,0.236205,0.603718,-0.122693,0
NONHSAG041648,0.157527,-0.916561,0.324486,0.215897,0.090974,-0.477797,-0.258838,0.718163,0.050993,-0.175765,-0.901848,-0.012952,-0.371960,0.126466,0.590822,-0.134384,0
RP11-612B6.1,0.143716,-0.854042,0.296281,0.289930,0.082089,-0.561415,-0.305968,0.623082,0.055005,-0.184855,-0.887953,0.014453,-0.373877,0.146359,0.606102,-0.150843,0
RPI002_004901,0.125916,-0.199893,0.180181,0.686200,-0.244108,-0.516647,-0.402322,-0.003971,0.246800,-0.899785,-0.685208,-0.100021,-0.754655,-0.520977,0.181243,-0.049942,0
NONHSAG016057,0.048954,-0.783277,0.323882,0.324355,0.201856,-0.432046,-0.335191,0.695377,0.149651,-0.145693,-0.912621,-0.048383,-0.403573,0.192973,0.604827,-0.094405,0
TRAV37,0.105011,-0.798260,0.368885,0.290205,0.082010,-0.434551,-0.271857,0.653360,0.125161,-0.213716,-0.884667,0.025155,-0.414481,0.131880,0.628901,-0.131834,0
NONHSAG014381,0.057793,-0.858699,0.301854,0.334733,0.169460,-0.426773,-0.275750,0.596425,0.136918,-0.232957,-0.863262,0.000963,-0.377028,0.209896,0.569431,-0.167109,0
RPI002_004377,0.152839,-0.314026,0.160275,0.731118,-0.187890,-0.528754,-0.342307,0.032864,0.194733,-0.858625,-0.654526,-0.221409,-0.741527,-0.497013,0.267125,-0.051997,0
NONHSAG035824,0.093280,-0.824722,0.298194,0.291359,0.105361,-0.425792,-0.213933,0.612747,0.079455,-0.219515,-0.910165,0.007245,-0.377139,0.155053,0.622972,-0.155582,0
NONHSAG013852,0.102165,-0.811849,0.366470,0.298184,0.076585,-0.450834,-0.341832,0.636094,0.019979,-0.230628,-0.897589,-0.052656,-0.348923,0.156064,0.643234,-0.128540,0
RP11-137D19.1,0.172273,-0.305930,0.179549,0.769659,-0.235848,-0.506219,-0.221334,0.055670,0.235246,-0.823348,-0.626507,-0.121691,-0.758903,-0.518946,0.225339,-0.121168,0
AC026166.2,0.074975,-0.785228,0.267895,0.248584,0.165853,-0.463593,-0.257102,0.613005,0.158018,-0.169506,-0.925695,0.050083,-0.371272,0.158580,0.642636,-0.071084,0
NONHSAG032334,0.259336,-0.206954,0.206932,0.461513,-0.000864,-0.492989,0.326562,-0.087944,0.106805,-0.577472,-0.751591,-0.071331,-0.155218,-0.012564,1.170052,0.214291,0
NONHSAG048177,0.157811,-0.850856,0.368868,0.272075,0.127686,-0.379356,-0.196009,0.746249,0.101680,-0.180200,-0.895878,-0.022936,-0.399702,0.162502,0.670871,-0.189243,0
RN7SL744P,0.180793,-0.227974,0.199987,0.747149,-0.152076,-0.474991,-0.355725,0.005272,0.271854,-0.893665,-0.656788,-0.183047,-0.727085,-0.510130,0.159540,-0.082884,0
RP11-395G17.1,0.102337,-0.903136,0.279739,0.310281,0.106187,-0.412376,-0.227049,0.609034,0.102482,-0.181173,-0.868580,-0.043106,-0.369897,0.178245,0.539356,-0.154633,0
LL22NC03-84E4.8,0.163117,-0.273361,0.203905,0.793560,-0.254509,-0.567073,-0.414057,0.009653,0.288329,-0.839084,-0.606222,-0.073606,-0.775168,-0.555850,0.137546,-0.075991,0
NONHSAG017425,0.131469,-0.232164,0.198956,0.778276,-0.238000,-0.543106,-0.359475,0.033433,0.202474,-0.797865,-0.663267,-0.121278,-0.727434,-0.493290,0.244653,-0.021125,0
RP5-1136G2.1,0.181913,-0.290880,0.179463,0.701771,-0.133421,-0.516548,-0.284292,-0.016513,0.298823,-0.844166,-0.676677,-0.136669,-0.778405,-0.548328,0.233356,-0.081827,0
NONHSAG055552,0.074708,-0.875055,0.282834,0.221469,0.107143,-0.434392,-0.298476,0.721879,0.048507,-0.149717,-0.981159,0.008383,-0.429457,0.202373,0.649764,-0.089761,0
NONHSAG035817,0.046363,-0.828071,0.230675,0.199816,0.150703,-0.516334,-0.201858,0.539032,0.103237,-0.243125,-0.928521,0.058380,-0.385781,0.168086,0.630524,-0.101792,0
RPI002_006888,0.209167,-0.214497,0.236563,0.692104,-0.079708,-0.599679,-0.332289,0.113815,0.262601,-0.849525,-0.713462,-0.074595,-0.855020,-0.475329,0.220200,-0.104792,0
NONHSAG003881,0.255991,-0.113017,0.105691,0.385202,-0.077687,-0.436408,0.284271,-0.118875,0.228417,-0.380615,-0.782951,-0.143102,-0.119079,0.015909,1.281524,0.344393,0
RPI002_007742,0.153583,-0.228691,0.223978,0.744217,-0.183437,-0.569019,-0.284642,0.028322,0.272343,-0.820776,-0.621859,-0.106010,-0.736666,-0.466343,0.275149,-0.051450,0
RP11-51L5.4,0.198132,-0.115296,0.136747,0.461425,-0.059300,-0.476552,0.452493,-0.041060,0.164310,-0.570332,-0.687878,-0.170386,-0.139102,0.007835,1.279995,0.328376,0
NONHSAG006324,0.083517,-0.782781,0.224307,0.258488,0.065615,-0.512761,-0.316463,0.698834,0.103579,-0.141543,-0.912736,-0.066539,-0.400746,0.174291,0.614718,-0.060116,0
NONHSAG030190,0.204226,-0.164343,0.172214,0.418998,-0.128970,-0.429344,0.386462,-0.031769,0.179493,-0.552997,-0.723484,-0.112524,-0.188276,0.005417,1.250664,0.238719,0
IGKV3-34,0.347694,-0.198532,0.135126,0.428362,-0.115295,-0.478610,0.398165,-0.054076,0.183097,-0.531716,-0.742191,0.005675,-0.146958,-0.120856,1.200925,0.267689,0
RPI002_003125,0.193500,-0.196510,0.206638,0.771928,-0.226798,-0.492632,-0.284249,0.126089,0.277224,-0.844319,-0.627164,-0.122186,-0.753331,-0.515841,0.242800,-0.048544,0
NONHSAG047674,0.250686,-0.260471,0.249429,0.456802,-0.132103,-0.593387,0.289790,-0.070779,0.067119,-0.413430,-0.706225,-0.110910,-0.130553,-0.059242,1.207145,0.387998,0
RN7SL326P,0.190296,-0.240934,0.200747,0.833679,-0.162919,-0.412328,-0.342104,0.037562,0.333689,-0.885713,-0.638150,-0.128189,-0.806354,-0.521965,0.096439,-0.073572,0
AC009238.8,0.306728,-0.156022,0.147325,0.504951,-0.158990,-0.423108,0.406376,-0.150539,0.153186,-0.555622,-0.722070,-0.119614,-0.161755,-0.063800,1.194391,0.236940,0
RP11-434J24.2,0.205474,-0.335076,0.251292,0.739362,-0.251288,-0.577962,-0.347085,-0.096189,0.270222,-0.916243,-0.565225,-0.069455,-0.788905,-0.512589,0.167565,-0.086820,0
RPI002_003508,0.253837,-0.210310,0.161857,0.769883,-0.218562,-0.500364,-0.332621,-0.021332,0.290592,-0.913328,-0.609308,-0.139160,-0.712889,-0.514180,0.200128,-0.054926,0
NONHSAG048262,0.275429,-0.205879,0.209191,0.528952,-0.107776,-0.435913,0.349815,-0.079306,0.176396,-0.474961,-0.696017,-0.147437,-0.104822,0.056945,1.228541,0.226672,0
NONHSAG055859,0.209456,-0.174184,0.128167,0.457019,-0.118020,-0.461989,0.350062,-0.120551,0.197077,-0.602407,-0.702009,-0.077954,-0.133560,-0.020908,1.301654,0.260133,0
RN7SL312P,0.189383,-0.190788,0.122100,0.695765,-0.265631,-0.588426,-0.354678,-0.017105,0.231166,-0.868394,-0.666358,-0.105294,-0.741509,-0.543473,0.152170,-0.039916,0
NONHSAG013100,0.203281,-0.245719,0.134409,0.402393,-0.086306,-0.468683,0.417624,-0.071280,0.167337,-0.484555,-0.718022,-0.128985,-0.150924,-0.032884,1.209860,0.252380,0
RP11-84N7.1,0.231585,-0.098706,0.202358,0.509819,-0.065716,-0.456930,0.328352,-0.008075,0.095008,-0.481343,-0.776965,-0.063123,-0.148519,-0.029269,1.184390,0.302517,0
AC009237.16,0.258408,-0.141150,0.077170,0.442535,-0.063075,-0.456718,0.331929,-0.151983,0.167388,-0.544284,-0.755250,-0.084454,-0.116123,-0.019130,1.183825,0.319399,0
RN7SL621P,0.246386,-0.272670,0.134872,0.497930,-0.111704,-0.460862,0.302218,-0.137049,0.168647,-0.509488,-0.709390,-0.132301,-0.114289,0.003003,1.238080,0.188433,0
NONHSAG038387,0.220291,-0.124741,0.212868,0.521733,-0.084374,-0.424954,0.404504,-0.015319,0.182870,-0.480089,-0.686715,-0.112349,-0.131882,-0.066534,1.268037,0.323897,0
RP11-168P6.2,0.206391,-0.220864,0.097535,0.712592,-0.235168,-0.507388,-0.410922,-0.071909,0.272089,-0.904283,-0.701622,-0.046851,-0.764642,-0.563420,0.192279,-0.022810,0
RP11-257I8.1,0.209417,-0.344782,0.180373,0.764094,-0.244661,-0.467594,-0.288498,-0.025353,0.302195,-0.922033,-0.607595,0.006271,-0.792264,-0.553724,0.169924,-0.093025,0
AC092162.2,0.305702,-0.217207,0.173286,0.458649,-0.101744,-0.481927,0.314446,-0.066746,0.175163,-0.491032,-0.738636,-0.061121,-0.181608,0.017827,1.182786,0.251413,0
NONHSAG037070,0.276082,-0.206361,0.072922,0.453749,-0.158558,-0.526802,0.349062,-0.102162,0.186353,-0.429748,-0.740833,-0.135996,-0.170814,0.036569,1.227698,0.297063,0
NONHSAG029598,0.254127,-0.181170,0.091491,0.484421,-0.068386,-0.556138,0.360834,-0.086370,0.210588,-0.465192,-0.701754,-0.158972,-0.159491,-0.022200,1.217166,0.314581,0
RP11-22C11.1,0.177472,-0.253339,0.286255,0.736942,-0.148490,-0.535772,-0.327229,-0.107064,0.314826,-0.857019,-0.643909,-0.106577,-0.746775,-0.403792,0.264750,-0.060139,0
RP11-421B23.1,0.210587,-0.146763,0.158790,0.452231,-0.125128,-0.429721,0.320181,-0.026372,0.137931,-0.568050,-0.712309,-0.152419,-0.154814,-0.017560,1.148582,0.230971,0
RN7SL364P,0.106229,-0.326482,0.166480,0.777322,-0.177847,-0.510971,-0.309087,-0.036143,0.304231,-0.867731,-0.616052,-0.111918,-0.745476,-0.504608,0.228698,-0.069588,0
NONHSAG004638,0.245143,-0.048264,0.197515,0.295227,-0.087197,-0.461128,0.434501,-0.083378,0.228249,-0.541366,-0.735173,-0.098374,-0.099140,-0.104115,1.281201,0.279869,0
RP1-39G22.4,0.133410,-0.197710,0.127096,0.414710,-0.082510,-0.497126,0.258502,-0.184257,0.225386,-0.422750,-0.721048,-0.098175,-0.061294,0.018694,1.282024,0.264150,0
RN7SKP266,0.221597,-0.214093,0.138962,0.438098,-0.040511,-0.521312,0.281054,-0.155518,0.150776,-0.458086,-0.754101,-0.153310,-0.112649,-0.001219,1.108099,0.321533,0
OR9A1P,0.230915,-0.258020,0.150591,0.448545,-0.108193,-0.469553,0.370041,-0.074317,0.114614,-0.521471,-0.714857,-0.176197,-0.144061,-0.003439,1.182382,0.256388,0
RP11-359P18.6,0.248957,-0.132914,0.135831,0.406318,-0.047440,-0.444779,0.333268,-0.024653,0.197828,-0.558616,-0.744874,-0.152050,-0.153456,0.007907,1.218243,0.217336,0
RN7SL232P,0.261830,-0.153922,0.086568,0.447966,-0.155202,-0.363594,0.423713,-0.122546,0.145546,-0.569890,-0.784133,-0.129711,-0.183811,-0.030272,1.344772,0.297960,0
SNRPEP6,0.198584,-0.224211,0.140286,0.427440,-0.056778,-0.479480,0.423317,-0.086647,0.151233,-0.488429,-0.769418,-0.076758,-0.198933,-0.031993,1.161235,0.259704,0
VN1R71P,0.209344,-0.120879,0.190814,0.436533,-0.149153,-0.443340,0.412102,-0.084277,0.193225,-0.495864,-0.693081,-0.098669,-0.076749,-0.085474,1.365821,0.312967,0
RP11-600L4.1,0.253680,-0.259138,0.142987,0.459994,-0.069582,-0.498510,0.305237,-0.171096,0.242855,-0.441883,-0.722867,-0.060703,-0.109493,0.022382,1.279810,0.294471,0
RN7SL323P,0.267036,-0.161539,0.201323,0.493830,-0.069356,-0.354024,0.500934,0.016962,0.179425,-0.488930,-0.737069,-0.114377,-0.209748,-0.004993,1.189126,0.170057,0
RPI002_002688,0.150871,-0.304035,0.146351,0.767788,-0.110359,-0.498096,-0.274606,0.044542,0.266443,-0.811418,-0.669883,-0.060510,-0.712964,-0.516094,0.224722,-0.100031,0
NONHSAG042876,0.183468,-0.222861,0.086520,0.409220,-0.083851,-0.462221,0.387643,-0.137951,0.157760,-0.540946,-0.738628,-0.062156,-0.179528,-0.075840,1.178925,0.262908,0
REG1P,0.342069,-0.171967,0.118697,0.501554,-0.061869,-0.538779,0.271811,-0.114246,0.190928,-0.480742,-0.749099,-0.086986,-0.182909,0.000969,1.133158,0.297461,0
RP5-1125K23.1,0.229623,-0.175539,0.112888,0.434109,-0.034796,-0.447667,0.432097,-0.038725,0.172592,-0.542250,-0.720718,-0.128439,-0.148617,-0.089880,1.166027,0.302867,0
RP4-592A1.4,0.194615,-0.273669,0.176187,0.762368,-0.188883,-0.492896,-0.375771,-0.010006,0.306737,-0.847955,-0.660649,-0.048178,-0.744112,-0.573991,0.162891,-0.002984,0
NONHSAG025299,0.256644,-0.155343,0.079812,0.388841,-0.208625,-0.376100,0.459785,-0.149939,0.145245,-0.538818,-0.784015,-0.061770,-0.151162,-0.124586,1.266691,0.298221,0
RN7SL768P,0.332253,-0.144498,0.160964,0.480468,-0.125643,-0.492350,0.414386,-0.139837,0.155807,-0.497398,-0.726951,-0.013062,-0.107183,-0.052895,1.344763,0.332953,0
UBE2Q2P5Y,0.205637,-0.217027,0.122972,0.453793,-0.074403,-0.478678,0.480301,-0.131742,0.152079,-0.522734,-0.717445,-0.116495,-0.139645,-0.056003,1.269924,0.255670,0
RP11-89C3.1,0.325542,-0.263109,0.076545,0.401055,-0.100019,-0.493854,0.353179,-0.168271,0.148017,-0.559347,-0.742843,-0.129800,-0.135979,-0.019522,1.192917,0.245555,0
RN7SL681P,0.298349,-0.188223,0.101715,0.317877,-0.160062,-0.469311,0.395597,-0.063508,0.213176,-0.509766,-0.749078,-0.066077,-0.156751,-0.052368,1.233045,0.344504,0
NONHSAG022419,0.265518,-0.149803,0.195525,0.395170,-0.054235,-0.476199,0.420654,-0.083532,0.211987,-0.637439,-0.650472,-0.161005,-0.155807,-0.098174,1.359346,0.313768,0
NONHSAG013329,0.358086,-0.239940,0.201909,0.375979,-0.084662,-0.455893,0.361446,-0.118139,0.090610,-0.456570,-0.769453,-0.096948,-0.108324,-0.073988,1.173761,0.248139,0
NONHSAG005761,0.267146,-0.082528,0.207971,0.426696,-0.104646,-0.397996,0.494437,-0.095892,0.195359,-0.542504,-0.739087,-0.072926,-0.151167,-0.072891,1.310717,0.331169,0
RP11-192P9.1,0.207432,-0.251493,0.224869,0.710239,-0.176074,-0.483747,-0.412173,0.049803,0.316736,-0.866224,-0.670727,-0.070870,-0.789323,-0.594784,0.195500,-0.048719,0
NONHSAG007932,0.344074,-0.261453,0.054580,0.444445,-0.081095,-0.426138,0.346618,-0.168239,0.180580,-0.584390,-0.713150,-0.155162,-0.134590,-0.040948,1.124606,0.273667,0
RP11-353N4.3,0.255247,-0.247349,0.185245,0.424563,-0.130000,-0.515365,0.440879,-0.170659,0.133596,-0.573972,-0.695834,0.013625,-0.080983,-0.042235,1.289442,0.323611,0
RN7SKP59,0.230916,-0.176157,0.153324,0.421434,-0.056281,-0.480256,0.398169,-0.005919,0.151481,-0.529951,-0.736569,-0.090260,-0.194135,0.008327,1.120353,0.300886,0
RP3-339A18.6,-0.348444,-0.065381,0.404254,0.977531,0.640275,0.061226,-0.995698,0.272662,-0.515195,-0.801218,-1.171239,-0.215278,0.720116,-0.475888,0.608630,0.089470,0
RP11-338E21.3,-0.403531,-0.031694,-0.099206,0.941167,-0.219032,-0.582014,0.023819,0.353575,-0.187647,-0.379522,-1.069815,0.307144,0.310979,0.072442,0.550454,-0.020628,0
RP4-672N11.1,-0.169974,0.099603,0.595416,0.961562,0.696002,0.003293,-1.069223,0.325414,-0.735247,-1.068113,-1.132890,-0.613440,0.667113,-0.405073,0.549568,0.156860,0
CTB-187M2.1,-0.243937,0.019208,0.541207,0.902872,0.710091,-0.068916,-1.033413,0.261024,-0.746979,-1.056644,-1.179800,-0.472569,0.631739,-0.443534,0.540307,0.197156,0
CTD-2382E5.2,-0.266346,-0.006585,0.422348,0.866853,0.681523,-0.027474,-1.080646,0.298495,-0.608852,-0.988659,-1.114715,-0.605884,0.614220,-0.395931,0.542030,0.184917,0
RP11-94H6.1,-0.257187,0.038623,0.649224,0.891790,0.750735,-0.038187,-1.115364,0.299630,-0.700377,-1.075697,-1.132766,-0.573515,0.653457,-0.426176,0.541804,0.203789,0
RP11-247A12.1,-0.452981,-0.076277,-0.025745,1.090431,-0.525697,-0.549986,-0.394717,0.401285,-0.025439,-0.339063,-1.048184,0.431725,0.876007,-0.468429,0.662170,-0.407457,0
NONHSAG037189,-1.079537,0.203662,0.069105,0.545810,0.213412,-1.790299,0.801959,0.851395,0.131813,-0.527705,-0.247521,-0.829443,-0.659676,0.210442,0.455290,0.439955,0
RN7SL622P,-0.839290,-0.707505,0.047163,1.085201,-0.174261,-1.769835,0.242906,0.145244,0.680191,-0.169610,0.053357,-0.314979,-0.496880,0.587360,0.334416,0.694561,0
RN7SL476P,-1.216886,0.249473,-0.069153,0.588901,0.310834,-1.761219,0.832108,0.786074,0.147884,-0.595666,-0.279363,-0.907509,-0.681655,0.163888,0.529024,0.482066,0
NONHSAG035097,0.147645,-0.288847,-0.003281,0.319956,-0.041896,-0.680228,-0.408175,-0.334274,-0.492089,-0.967401,-0.951729,0.025156,0.436045,0.381492,0.617422,0.510144,0
RP3-419C19.3,0.167511,-0.205889,-0.131414,0.178897,-0.106737,-0.774560,-0.370295,-0.379516,-0.411792,-1.051692,-0.993321,0.092875,0.288624,0.369975,0.637591,0.471495,0
RN7SL554P,0.919452,-0.544203,-0.486509,0.600271,-0.892350,-0.837676,0.422524,-0.059170,-0.397688,-0.874690,-1.220310,-0.140015,-0.017654,1.020808,-0.238107,-0.200404,0
RN7SL371P,-1.304018,0.257810,0.105785,0.536142,0.290844,-1.831737,0.861228,0.882721,0.087626,-0.537699,-0.315184,-0.820148,-0.722082,0.244416,0.523213,0.500123,0
RN7SL96P,-1.092387,0.101903,-0.004089,0.552615,0.305756,-1.819249,0.767497,0.788718,0.193986,-0.667594,-0.174034,-0.826420,-0.594082,0.159116,0.492003,0.429718,0
AC020915.2,-1.070027,0.109925,0.067225,0.651968,0.177382,-1.669456,0.863081,0.728043,0.053762,-0.517457,-0.264137,-0.836016,-0.605251,0.177541,0.548708,0.432385,0
RN7SL594P,-1.187989,0.202339,0.059063,0.650872,0.324706,-1.651186,0.892166,0.769074,-0.002983,-0.609612,-0.327197,-0.865460,-0.682692,0.294478,0.422855,0.447807,0
RN7SL732P,0.638194,-0.646616,-0.331989,0.689245,-0.632030,-0.942153,0.601209,0.205033,-0.386307,-0.614751,-1.120218,-0.174222,-0.036634,0.983075,-0.273191,-0.201285,0
NONHSAG026774,0.339866,-0.703369,-0.156364,0.247992,-0.419551,-1.352654,-0.250687,-0.454617,-0.202630,-0.817995,-0.811956,0.271897,0.018070,0.747471,0.063389,0.347026,0
CTD-2008A1.1,0.346417,0.047011,0.414057,-0.322390,0.052413,-1.226730,-0.650971,0.985734,-0.396403,-1.066154,-0.805600,0.399578,1.261234,-1.369038,0.216782,0.940010,0
RP3-443C4.2,-0.279461,-0.179555,0.113711,0.959310,-0.287580,-0.931141,0.150515,0.154361,-0.332118,-0.508474,-0.860175,0.240654,0.217784,0.623780,0.289055,0.004031,0
