0,1,2,3,4,5,6,7,8,9,10,11,12,13,14,15,16,17,18,19,20,21,22,23,24,25,26,27,28,29,30,31,32,33,34,35,36,37,38,39,40,41,42,43,44,45,46,47,48,49,50,51,52,53,54,55,56,57,58,59,60,61,62,63,64,label
Gas5,0.242718,-0.009166,-0.137630,0.224889,0.405634,-0.374140,-0.382500,-0.248790,-0.515708,0.369185,0.304388,0.481380,0.139306,-0.362137,-0.580626,0.337914,-0.206848,-0.362523,-0.296426,-0.142915,-0.152173,-0.022434,0.206458,0.294299,-0.369649,-0.406351,-0.174303,0.437950,0.070971,-0.048127,0.157849,-0.545827,0.083459,-0.165305,0.270652,0.212970,0.128665,-0.245479,0.741919,-0.344828,0.644308,-0.288253,0.005332,-0.464099,0.127283,0.063987,0.028509,-0.390751,0.432021,0.532733,-0.371400,-0.199857,0.156457,0.217020,-0.500884,-0.103620,-0.062651,-0.144176,-0.632029,0.312373,-0.145122,0.328503,-0.159761,0.093871,1
Xist,0.085728,-0.018401,-0.355976,0.429940,0.228316,-0.032064,0.011383,0.017870,-0.488343,0.432608,-0.541075,0.645091,-0.637552,-0.345322,-0.295012,0.230564,-0.138292,-0.420723,0.067512,0.313207,-0.522795,0.295924,0.314649,0.403793,-0.226730,-0.528891,0.256593,-0.064787,0.230868,0.264207,0.254963,-0.197898,0.008830,-0.023071,0.603673,-0.080149,-0.137359,-0.637799,0.718779,-0.520680,0.228003,-0.578275,-0.004487,-0.457939,0.196097,0.397527,0.013956,-0.509580,0.339411,0.375716,-0.312804,0.206878,0.176942,-0.083317,-0.096744,-0.466106,0.305556,-1.059420,-0.253048,0.014159,0.029956,0.494385,-0.041957,0.970754,1
Meg3,-0.028872,-0.086232,-0.075983,0.343441,0.322090,-0.219174,-0.383934,-0.292805,-0.454874,0.521801,0.313847,0.342773,0.420994,-0.535379,-0.730636,0.128738,-0.110363,-0.275931,-0.166664,0.007847,-0.042464,0.040314,0.217431,0.492357,-0.538621,-0.276586,-0.260198,0.501301,0.036017,0.106260,0.193885,-0.396982,0.166181,-0.138756,0.476612,0.407706,0.031590,-0.192124,0.672517,-0.324863,0.621670,-0.401217,-0.083863,-0.220436,0.042807,0.177877,-0.175868,-0.462993,0.605694,0.505362,-0.219674,-0.139802,0.073116,0.409001,-0.527470,-0.008421,-0.056318,-0.060192,-0.528078,0.332294,-0.058721,0.307957,-0.082942,0.264622,1
Airn,0.365267,-0.033572,-0.322216,0.078340,0.082356,-0.199610,0.192763,-0.307460,-0.347186,0.206163,-0.115257,0.346586,0.119849,-0.060795,-0.139978,0.390952,-0.593901,-0.564891,-0.172104,-0.226844,-0.042704,0.065551,0.212182,0.333477,-0.539104,-0.169776,-0.104944,0.500350,0.138725,-0.044439,0.063701,-0.479212,-0.073908,-0.096841,0.334487,-0.077033,-0.182068,0.066227,0.502746,-0.301029,0.182156,-0.212019,-0.150368,-0.193198,0.079792,-0.139867,0.016593,-0.407312,0.208467,0.271407,-0.325386,0.360280,0.211596,0.071044,-0.417821,-0.093565,0.173867,-0.292473,-0.388076,0.058496,-0.168879,0.456243,-0.384835,0.438759,1
Tsix,0.145590,-0.068725,-0.269503,0.194842,0.250593,-0.298860,0.326402,-0.233301,-0.439925,0.140741,0.016505,0.315207,0.168239,-0.094719,-0.173108,0.494280,-0.514151,-0.442053,-0.059544,-0.298363,0.065210,0.032344,0.285524,0.328218,-0.603982,-0.191978,-0.149145,0.300012,0.020170,-0.147425,0.145065,-0.461890,-0.152420,-0.170509,0.309199,0.112220,-0.072724,0.034835,0.492077,-0.405340,0.090714,-0.302191,-0.113722,-0.271207,0.111233,-0.036458,-0.170102,-0.573925,0.315214,0.418398,-0.562494,0.208477,0.190600,0.057220,-0.384295,0.010234,0.175597,-0.292025,-0.227607,0.088061,-0.182105,0.335468,-0.472153,0.470413,1
Neat1,0.287619,-0.011599,-0.258218,0.150665,0.026476,-0.248606,0.129845,-0.289254,-0.586821,0.039519,-0.185252,0.386502,-0.039399,-0.038745,-0.065249,0.481602,-0.592561,-0.648117,-0.119767,-0.099968,0.058827,-0.049410,0.298477,0.267792,-0.671134,-0.249527,0.019302,0.444141,0.111536,0.004983,-0.058420,-0.602910,0.028986,-0.295291,0.448775,0.022549,-0.160697,0.026320,0.451472,-0.291275,0.257336,-0.353044,-0.137336,-0.330891,0.223178,-0.125454,-0.050207,-0.608777,0.106667,0.143253,-0.350040,0.258980,0.264908,0.060147,-0.582394,-0.185414,0.084780,-0.345222,-0.285618,0.148925,-0.237728,0.480348,-0.423135,0.395852,1
Kcnq1ot1,-0.184142,-0.041985,-0.271082,0.148990,0.502019,0.094720,0.668816,0.017550,-0.198077,0.378205,-0.260583,0.121601,0.026908,-0.114729,-0.690298,0.775461,-0.179228,0.058438,0.345125,0.039222,-0.274113,0.169914,0.595630,0.096977,0.368045,0.349638,0.422664,-0.133946,-0.216427,0.372399,0.061908,0.003036,0.093876,-0.031219,0.284665,-0.501830,-0.516735,0.012756,0.523320,-0.096488,0.282037,-0.078190,0.382219,-0.372746,-0.461602,0.064989,-0.566315,-0.347777,-0.088479,-0.102590,-0.348504,0.067436,0.468211,-0.206883,-0.033988,0.237959,0.057376,-0.299439,0.090360,0.187522,0.254253,0.149628,-0.740475,0.367177,1
Gm12609,0.550593,0.187436,-0.269463,0.063869,0.191450,-0.219563,0.069088,-0.034875,-0.396035,0.091536,-0.014955,0.216939,0.324449,-0.040787,-0.032036,0.410039,-0.667560,-0.607812,-0.407838,-0.278770,0.185829,0.133688,0.208394,0.316992,-0.763557,-0.126902,-0.012978,0.430277,0.102130,-0.185182,0.019266,-0.468470,-0.018882,-0.216734,0.398292,-0.051486,-0.173055,0.036194,0.422967,-0.385955,0.298831,-0.260534,-0.149835,-0.337624,0.085836,-0.208659,-0.134869,-0.540293,0.404317,0.231755,-0.276867,0.338853,0.167792,-0.002961,-0.563656,-0.163376,0.164276,-0.222825,-0.662595,-0.041051,-0.121490,0.451345,-0.318958,0.259705,1
9030622O22Rik,0.581395,-0.055467,-0.333348,0.161824,0.166003,-0.064258,0.093686,-0.082842,-0.406986,0.127767,0.021306,0.171084,0.380125,0.135644,-0.041793,0.438161,-0.808221,-0.620336,-0.321319,-0.353509,0.155375,0.046021,-0.042407,0.305854,-0.585898,-0.089448,0.064195,0.491916,0.047021,-0.232335,0.057970,-0.420453,0.077354,0.019713,0.336327,-0.074524,-0.234349,-0.035921,0.262702,-0.363947,0.390076,-0.220410,-0.316559,-0.385418,0.037863,0.046973,-0.191619,-0.492505,0.516409,0.288394,-0.285606,0.293613,0.218067,-0.000237,-0.617374,-0.188802,0.061285,-0.208485,-0.619807,0.260188,-0.072809,0.450557,-0.261684,0.220872,1
1810026B05Rik,0.103454,-0.195860,-0.095784,-0.021404,-0.055624,0.157079,-0.089180,-0.135733,-0.157239,0.096759,0.039046,0.178740,0.368836,-0.293042,-0.313345,0.356911,-0.121464,0.068016,-0.208583,-0.163604,-0.242977,0.487308,-0.122076,0.162224,0.058235,0.213753,-0.002610,-0.040275,-0.006797,-0.244314,-0.104638,-0.250026,0.228404,-0.073604,0.574697,-0.110188,-0.297032,-0.065198,0.234844,0.134914,0.134380,-0.119707,0.000867,-0.230716,-0.093101,0.073976,-0.018147,-0.166175,0.142461,0.493123,-0.239698,0.095050,0.039063,-0.202661,-0.025095,-0.129918,-0.073277,-0.220338,-0.295297,0.136281,0.039132,0.067400,-0.076075,-0.089253,1
6720416L17Rik,0.380324,0.062132,-0.202993,0.084029,0.257372,-0.224474,0.059233,-0.175095,-0.388642,0.117661,-0.196545,0.289204,0.272123,0.095291,0.063742,0.441324,-0.586032,-0.670654,-0.443450,-0.324236,0.160529,0.182853,0.168046,0.241182,-0.667735,-0.081181,-0.022698,0.490683,0.236129,-0.202642,0.076219,-0.492360,0.149017,-0.200311,0.357350,-0.041001,-0.110333,0.068119,0.567482,-0.401919,0.246643,-0.156301,-0.264342,-0.490227,0.216573,-0.089780,-0.157146,-0.416483,0.371241,0.279065,-0.104828,0.287330,0.122062,0.036815,-0.633553,-0.210727,0.214422,-0.181658,-0.527913,0.047801,-0.144195,0.502840,-0.521364,0.276493,1
AK028326,0.424338,-0.174083,-0.292627,0.166752,0.362302,-0.002111,0.095750,0.005272,-0.211983,0.121295,0.062358,0.161420,0.141674,-0.014232,-0.323073,0.319554,-0.039202,-0.026451,-0.008643,-0.163135,-0.110879,0.132804,-0.117582,0.298179,-0.227791,0.328646,0.281613,0.167163,-0.078424,-0.089029,-0.051012,-0.067045,0.277235,-0.130836,0.417618,0.101412,-0.306393,0.039219,0.309749,0.055827,0.126538,-0.028309,-0.084349,-0.169546,-0.256657,-0.076007,-0.145105,-0.333194,0.201528,0.109834,-0.026546,0.123561,0.147000,0.034017,-0.249661,-0.047843,-0.064002,-0.375977,-0.044212,0.188018,0.143659,0.076076,-0.258094,0.272989,1
Enox,0.375807,-0.006390,-0.323964,0.202777,0.000239,-0.346320,0.229691,-0.317342,-0.512469,-0.017185,-0.039445,0.224281,0.096818,-0.107954,-0.170521,0.413736,-0.553734,-0.650040,-0.173976,0.000052,0.017248,0.061092,0.406089,0.377603,-0.685394,-0.204567,-0.020257,0.449321,0.244587,0.094810,-0.167028,-0.792049,-0.055478,-0.320896,0.409973,-0.084749,-0.145568,0.133720,0.359608,-0.415395,0.241769,-0.376853,-0.080329,-0.194075,0.148132,-0.221140,0.087725,-0.487520,-0.015837,0.072626,-0.318881,0.248566,0.190494,0.113239,-0.516855,-0.031439,0.178507,-0.449245,-0.279133,0.087739,-0.231571,0.503563,-0.498990,0.401760,1
Dnm3os,0.458364,-0.077407,-0.275628,-0.015581,0.074593,-0.309098,-0.098178,0.041751,-0.183774,0.270684,0.140543,0.360015,0.198335,-0.367828,-0.444874,0.589787,-0.787033,-0.483749,-0.498308,-0.398606,0.035400,0.081578,0.169835,0.476451,-0.355318,-0.176107,-0.171852,0.596314,0.083842,-0.392751,0.046625,-0.619334,0.006597,-0.327365,0.135721,-0.108683,-0.426973,0.114788,0.565333,-0.267305,0.131907,0.262685,-0.148104,-0.513121,0.077337,0.099135,0.170599,-0.607497,0.465432,0.493911,-0.452876,-0.045300,0.021724,-0.120331,-0.235023,-0.344390,0.136701,-0.086588,-0.552230,0.111162,-0.275654,0.401658,-0.441047,0.122145,1
Fendrr,0.232873,0.067367,-0.226450,0.010866,0.163484,0.337276,-0.309579,-0.251667,-0.185912,-0.042698,0.011518,0.283800,0.034970,0.240277,-0.134673,0.269300,-0.146677,-0.201850,0.263047,-0.017090,-0.247261,0.532348,0.104439,0.075308,-0.182853,0.672020,0.494041,-0.757213,-0.557444,0.093673,0.653850,-0.167396,0.166066,-0.053267,-0.343865,0.217200,-0.010684,-0.587796,0.697049,0.366820,-0.430264,-0.171527,-0.283170,-0.846095,0.648056,-0.081987,-0.570833,-0.673185,0.591539,-0.444545,-0.363057,-0.462055,0.807422,-0.386492,-0.646186,-0.583854,-0.515033,-0.150532,-0.124739,0.340682,-0.825417,-0.087014,-0.627865,0.007812,1
Gm12750,0.477641,0.111743,-0.338528,0.097967,0.208423,-0.271505,0.254080,-0.171683,-0.328619,-0.007887,0.112618,0.149256,0.460408,-0.354261,-0.214099,0.382890,-0.104079,-0.327493,-0.206137,-0.337814,-0.135968,0.039865,-0.016901,0.317844,-0.471843,0.092643,0.194418,0.347673,-0.108676,0.012665,-0.049578,-0.225091,0.079492,-0.177668,0.243184,0.143905,-0.248450,-0.293763,0.169102,-0.337081,0.166798,0.116706,-0.040760,-0.457565,0.001501,-0.118328,-0.191631,-0.445647,0.421932,0.348346,-0.273725,0.449885,0.227911,-0.276134,-0.439630,0.110001,-0.037990,-0.361845,-0.569655,0.006322,-0.280222,0.105944,-0.139504,0.250386,1
RP23-71K9.4,0.201122,-0.075385,-0.206067,-0.002759,0.365550,0.135245,-0.027355,-0.143339,-0.160540,-0.049756,0.169543,0.094208,0.117701,0.064762,-0.210606,0.373973,-0.075068,-0.123381,-0.120891,-0.209039,-0.067632,0.324170,-0.209836,0.051915,-0.003740,0.351707,0.260381,0.092968,0.112444,-0.189517,-0.113012,-0.018151,0.143525,0.011578,0.391516,0.143244,-0.158891,0.015136,0.304099,-0.084027,0.152976,-0.140817,-0.082419,-0.239845,-0.156513,-0.114961,0.190958,-0.164674,0.204713,0.143519,-0.290337,0.184317,0.160779,0.072812,-0.273312,-0.071978,-0.123953,-0.219225,-0.012077,0.029321,-0.048217,0.141882,-0.166451,0.126906,1
lincRNA-p21,0.039249,-0.087898,-0.304893,-0.168994,0.081614,0.099004,0.085743,-0.253772,-0.310880,0.178505,0.085681,0.129933,0.258226,-0.160338,-0.199551,0.252696,-0.253254,0.011789,-0.165864,-0.161289,-0.074569,0.488695,-0.165602,0.113670,-0.110594,0.380596,0.208168,0.042640,-0.078476,0.014863,0.168979,0.130361,0.109073,0.055749,0.287774,0.167114,-0.409958,-0.100832,0.317080,0.114160,0.143930,-0.251229,0.091928,-0.369106,-0.070074,-0.173883,-0.124933,-0.111329,0.111536,0.388488,-0.227135,0.206699,0.079150,-0.084210,-0.076045,0.105459,-0.254120,-0.207102,-0.193645,-0.258564,-0.063847,0.067743,-0.397249,-0.066023,1
A930011O12Rik,0.250931,-0.372117,-0.539068,0.129049,0.145980,-0.138674,0.042320,0.108258,-0.489319,0.379029,-0.091028,0.134064,0.199170,-0.559583,-0.324238,0.704883,-0.564671,-0.769072,-0.023609,0.314750,-0.059458,-0.035141,0.211245,0.636077,-0.826610,-0.313033,-0.061502,0.615725,0.195485,0.300248,-0.092912,-0.330208,-0.044312,-0.323768,0.748997,0.234816,-0.219367,0.169322,0.598319,0.085011,-0.061431,0.021712,0.058622,-0.309686,0.133458,-0.005900,-0.194497,-0.813742,0.175530,0.046187,0.163201,0.627682,0.245511,0.741991,-0.599973,-0.302138,0.193502,-0.745057,-0.001223,0.464431,0.018801,0.204563,-0.487296,0.989655,1
Braveheart,3.906120,1.041752,-0.255422,2.230948,-0.955645,1.899147,-0.819940,-1.112499,-2.233598,1.507227,0.711748,2.196007,0.863697,-1.142857,-0.665042,0.745223,-0.481895,-1.586208,-0.961061,1.058265,2.180988,1.914843,2.501641,1.454602,-0.077906,-0.884000,-0.206732,-0.164472,0.262544,-2.974273,0.305893,-0.917340,-0.102246,0.197836,2.049899,1.789307,-1.654080,0.527809,0.993490,0.533094,-0.348546,0.432262,-0.716014,-1.246452,0.784157,-0.144467,-0.120691,-1.590820,0.318509,1.470639,-1.839187,1.513053,0.543890,0.505683,0.327382,0.356587,-1.290520,-0.700251,0.211065,0.697951,-0.811646,-0.695450,-1.659582,0.994625,1
mrhl,0.157646,0.103909,-0.321335,0.008009,0.387719,0.154126,0.040453,-0.280072,-0.518871,0.142383,-0.048736,0.240342,0.139968,-0.039758,-0.177618,0.400636,0.050910,0.216693,-0.287822,-0.107184,-0.516027,0.673881,-0.050373,0.235832,-0.379565,0.061507,0.327893,-0.103650,-0.129710,-0.028972,0.036363,-0.098294,0.017254,0.258399,0.238649,0.091174,-0.386736,-0.162279,0.292232,-0.273173,0.158722,-0.236394,-0.084313,-0.514680,0.026664,-0.190270,0.149941,-0.190567,0.127194,0.291799,-0.108967,0.062242,0.209754,0.077178,-0.204282,-0.421988,-0.214670,-0.538912,0.024235,-0.137978,-0.067750,-0.004798,-0.240213,0.076781,1
NONMMUG034886,0.226554,0.069036,-0.247436,-0.011255,0.271256,0.027613,-0.056431,-0.162652,-0.243175,0.051153,0.058283,0.087895,0.239480,-0.002253,-0.144128,0.301432,-0.016630,0.052554,-0.233109,-0.174330,-0.221303,0.375398,-0.127130,0.086202,0.023602,0.301143,0.093728,0.088624,-0.008816,-0.111048,-0.041526,-0.009724,0.095815,-0.011066,0.191097,0.119727,-0.197502,-0.024731,0.212470,-0.143509,0.074642,-0.180487,-0.178620,-0.330074,0.017017,-0.182967,0.056667,-0.262442,0.151403,0.125749,-0.106103,0.134899,0.143744,0.186187,-0.206592,-0.085522,-0.083383,-0.284418,-0.135948,-0.182394,-0.133919,0.133472,-0.346330,0.026538,1
Dlx6os1,0.569266,0.106504,-0.178914,0.281904,-0.022012,-0.090448,0.254224,-0.196123,-0.386131,0.065429,-0.033292,0.206348,0.327268,0.098054,-0.146830,0.472495,-0.800587,-0.805505,-0.228979,-0.236648,0.332265,0.109307,0.416508,0.297321,-0.805914,-0.338118,-0.095631,0.445555,0.283457,-0.076803,0.017423,-0.573946,-0.130786,-0.189576,0.555299,-0.015177,-0.122368,0.243004,0.403896,-0.257081,0.308788,-0.590967,-0.045028,-0.252367,0.154742,-0.304749,0.141758,-0.485776,0.287581,0.164281,-0.108956,0.103978,0.306632,0.269407,-0.780361,-0.101364,0.215167,-0.557524,-0.494431,0.000386,-0.044171,0.500250,-0.406038,0.348745,1
5033428I22Rik,0.406827,0.393153,-0.259846,0.083588,0.097742,-0.367872,0.142563,-0.253106,-0.562045,0.062572,0.126147,0.455602,0.292989,-0.145692,-0.261370,0.258621,-0.515307,-0.739882,-0.217045,-0.113838,0.483722,0.158806,0.226094,0.162250,-0.744253,-0.493196,0.124617,0.315304,0.159937,0.047865,-0.144526,-0.581732,-0.058650,-0.474202,0.475765,0.119837,0.001802,0.246740,0.556261,-0.513809,-0.193203,-0.371914,-0.102197,-0.212600,-0.054134,-0.503386,0.069118,-0.523616,0.256838,0.220587,-0.464261,0.454557,0.399702,0.047117,-0.669954,-0.104748,0.130490,-0.640342,-0.683331,0.012644,-0.240865,0.241352,-0.338920,0.577702,1
NONMMUG026355,-0.070577,0.108171,0.112223,-0.209438,0.430734,0.180894,0.126354,-0.122907,-0.227302,-0.029585,0.046321,-0.254320,0.261038,-0.241637,-0.117267,0.211489,0.032462,-0.274689,0.475955,0.157225,0.617806,0.489042,0.342763,0.501864,0.094997,0.623998,0.118599,-0.139107,-0.150870,-0.439205,0.440881,0.018975,0.195622,0.062898,0.101471,0.403785,-0.344576,-0.268994,0.489900,-0.008736,-0.184262,-0.277660,-0.312570,-0.490602,-0.183345,0.101201,-0.346891,-0.600339,0.030609,0.046600,-0.349168,-0.437126,0.514846,0.011201,0.212811,0.028087,-0.072833,-0.439376,-0.128570,0.031699,-0.561224,-0.526228,-0.720578,-0.162824,1
NONMMUG007199,0.252910,-0.096350,-0.223398,0.041299,0.121601,0.034749,0.111092,-0.154095,-0.098887,0.139603,0.023817,0.129251,0.262543,-0.226270,-0.272188,0.312960,-0.192701,-0.000486,0.028678,-0.193302,-0.019928,0.415590,-0.093833,0.111612,-0.029124,0.220492,0.140283,0.143666,-0.068713,0.037447,0.158284,0.047503,-0.004338,0.038909,0.399622,0.168791,-0.257653,-0.082552,0.269408,0.067729,0.114706,-0.228873,-0.054582,-0.342291,-0.093881,-0.128873,-0.191222,-0.197244,0.053527,0.320522,-0.152874,0.300256,0.079870,-0.132613,-0.085998,0.139128,-0.071347,-0.119197,-0.280757,-0.126648,-0.063344,0.172224,-0.332075,-0.053845,0
Gm11292,0.153391,-0.081827,-0.188964,0.225486,0.115338,-0.218117,0.223345,-0.124895,-0.410969,0.304122,0.091072,0.089793,0.095773,0.174580,-0.192660,0.406237,-0.626461,-0.427896,0.000368,-0.292421,0.273303,0.080192,0.199323,0.260154,-0.453003,-0.088829,0.058846,0.195575,-0.035973,-0.245155,0.260363,-0.470906,-0.072020,-0.077994,0.179550,0.169685,-0.076704,-0.032619,0.646623,-0.284353,0.145045,-0.325575,-0.304804,-0.522220,-0.003227,-0.039917,-0.468978,-0.595620,0.654904,0.187627,-0.844862,-0.048483,0.240406,0.026202,-0.549292,0.085060,0.190855,-0.323448,-0.302599,0.420937,-0.379818,0.333775,-0.517335,0.401957,0
NONMMUG018974,0.330367,0.039024,-0.232322,-0.012714,0.373003,0.075800,0.003031,-0.130669,-0.192314,-0.047792,0.030152,0.097793,0.230286,-0.047308,-0.218817,0.313475,-0.084920,-0.047024,-0.046168,-0.177550,-0.050605,0.232295,-0.170767,0.114021,-0.051480,0.352275,0.276504,0.166416,0.009699,-0.148050,-0.033492,-0.090886,0.175158,0.025678,0.419095,0.162980,-0.226353,-0.013111,0.184239,0.022274,0.194842,-0.109399,-0.107114,-0.221583,-0.168872,-0.059242,0.047245,-0.196392,0.243555,0.204560,-0.237961,0.227475,0.014629,0.003586,-0.238703,-0.003411,-0.024633,-0.245761,-0.146055,0.125863,-0.015635,0.110775,-0.153935,0.092978,0
NONMMUG008893,0.310219,0.170176,-0.243665,0.084512,0.252688,0.063888,-0.003870,-0.058028,-0.244089,-0.060221,-0.006445,0.021231,0.296072,-0.033804,-0.176013,0.259302,-0.058136,0.118407,-0.123901,-0.213156,-0.169647,0.312801,-0.029526,0.079435,-0.023810,0.318694,0.115730,0.172168,-0.060340,-0.059548,0.069917,-0.031064,0.127620,0.005741,0.331391,0.158043,-0.284831,-0.021629,0.158094,-0.071256,0.175118,-0.170533,-0.120871,-0.280894,-0.062044,-0.143503,-0.059129,-0.185899,0.180193,0.130764,-0.111613,0.207420,0.014863,-0.005546,-0.229096,-0.078425,-0.042053,-0.236467,-0.261211,-0.032587,-0.079501,0.098400,-0.308103,-0.089284,0
NONMMUG010972,0.324624,0.150732,-0.148855,0.129964,0.222386,-0.019558,0.028280,-0.128470,-0.180786,-0.028024,0.035838,0.095565,0.247376,-0.060649,-0.182290,0.332648,-0.049017,0.123189,-0.130686,-0.254005,-0.234575,0.283608,-0.050150,0.160708,-0.077865,0.279115,0.150886,0.150761,-0.159742,-0.125669,0.025087,-0.012537,0.117375,0.030133,0.362316,0.139836,-0.291682,-0.010830,0.206878,-0.012756,0.081594,-0.167109,-0.137352,-0.314811,-0.005385,-0.160860,-0.048065,-0.165768,0.192816,0.174139,-0.122639,0.206030,0.026829,0.013831,-0.218261,-0.073938,-0.025047,-0.213811,-0.254713,-0.008745,-0.126281,0.096975,-0.256770,-0.016542,0
NONMMUG000112,0.161507,-0.111547,-0.250855,-0.003578,0.282223,0.084219,-0.023674,-0.185715,-0.178016,-0.037810,0.178986,0.045734,0.181764,0.044532,-0.198264,0.294011,-0.043876,-0.081201,-0.035373,-0.235827,-0.138103,0.304165,-0.237911,0.060796,0.046136,0.330735,0.253428,0.143457,0.075863,-0.246484,-0.122146,-0.052185,0.189092,-0.036368,0.305016,0.088011,-0.170200,0.001124,0.275149,-0.052693,0.094996,-0.203960,-0.114133,-0.253753,-0.196617,-0.121870,0.105929,-0.225300,0.265538,0.184084,-0.226411,0.156953,0.152127,0.018897,-0.248167,-0.058591,-0.164511,-0.292218,-0.047655,0.058823,-0.104197,0.180098,-0.193824,0.065933,0
NONMMUG004945,0.237069,0.051607,-0.194390,0.008480,0.192683,-0.010304,-0.030226,-0.102294,-0.215267,0.020438,0.046535,0.064952,0.304568,0.048294,-0.168160,0.320842,0.038855,0.027810,-0.260835,-0.194697,-0.226121,0.375895,-0.119570,0.122456,-0.000273,0.271269,0.190774,0.139397,-0.068905,-0.147339,-0.071522,0.019475,0.081573,-0.010654,0.209884,0.095147,-0.239085,0.012275,0.203811,-0.126044,0.126128,-0.166856,-0.131241,-0.357445,-0.024202,-0.174591,0.023028,-0.231801,0.117905,0.120029,-0.118869,0.116190,0.092282,0.120827,-0.254638,-0.021300,-0.111245,-0.301160,-0.145122,-0.176498,-0.184918,0.180196,-0.313176,0.008366,0
NONMMUG013612,0.171195,0.071238,-0.248710,-0.058441,0.228205,0.012750,-0.069570,-0.142548,-0.267983,0.012762,0.024882,0.077819,0.312825,0.113602,-0.141739,0.306530,-0.009838,0.042538,-0.166311,-0.243075,-0.219606,0.384415,-0.146407,0.086767,-0.042714,0.317549,0.124996,0.132159,-0.083457,-0.107256,-0.063258,0.049548,0.087325,-0.015437,0.231947,0.096153,-0.242107,-0.036023,0.194587,-0.095807,0.095156,-0.170868,-0.169723,-0.405817,0.017822,-0.135011,-0.006533,-0.201198,0.105304,0.161773,-0.055755,0.112898,0.074080,0.131357,-0.204792,-0.084198,-0.116646,-0.271669,-0.170908,-0.175636,-0.199946,0.198105,-0.301820,0.065367,0
NONMMUG043437,0.172655,0.071865,-0.192027,0.010712,0.198998,0.012619,-0.002591,-0.113219,-0.259296,-0.011605,0.027844,0.136575,0.282294,-0.035523,-0.139060,0.297410,-0.012080,-0.012833,-0.108856,-0.154442,-0.244411,0.439439,-0.214478,0.119271,-0.054659,0.220776,0.137600,0.157947,-0.024052,-0.080288,-0.103974,0.067031,0.091150,-0.045072,0.151544,0.123967,-0.216767,-0.004295,0.220510,-0.142753,0.129820,-0.168822,-0.212657,-0.378650,-0.023689,-0.163209,0.044136,-0.225311,0.105035,0.201920,-0.123067,0.170416,0.080592,0.148012,-0.183879,-0.119482,-0.134167,-0.242814,-0.141521,-0.198944,-0.203203,0.206247,-0.314998,0.000271,0
NONMMUG018672,0.178534,0.061305,-0.161135,-0.030757,0.245154,0.016673,-0.032927,-0.130695,-0.258969,0.022015,0.069930,0.130992,0.378630,0.018840,-0.171644,0.273236,-0.001462,0.021979,-0.175731,-0.216840,-0.209190,0.343494,-0.106076,0.093656,-0.036558,0.260465,0.155531,0.126569,-0.023857,-0.151283,-0.078018,0.048098,0.087439,0.009933,0.158460,0.105953,-0.209653,-0.057982,0.246658,-0.136554,0.054531,-0.160931,-0.197538,-0.348968,-0.001634,-0.193970,-0.026726,-0.207187,0.092527,0.173403,-0.090218,0.144555,0.064470,0.177537,-0.224446,-0.031245,-0.079229,-0.306685,-0.127227,-0.174100,-0.203158,0.190192,-0.286662,0.043786,0
NONMMUG006972,0.186120,-0.015053,-0.207803,-0.051206,0.237258,-0.008286,-0.033579,-0.122720,-0.250711,0.018021,0.042003,0.105245,0.259784,0.024012,-0.097028,0.305341,0.056904,0.035030,-0.234872,-0.286909,-0.218563,0.341777,-0.141432,0.103946,-0.009752,0.304574,0.103531,0.141043,-0.083495,-0.118973,-0.104096,0.012163,0.088735,-0.035156,0.180200,0.110986,-0.204018,-0.007338,0.242929,-0.134904,0.082495,-0.118282,-0.233775,-0.380219,-0.055417,-0.189750,0.073956,-0.195132,0.093205,0.148024,-0.068577,0.168106,0.084373,0.154713,-0.233735,-0.067374,-0.134950,-0.203362,-0.147447,-0.246991,-0.184553,0.154337,-0.394815,0.080586,0
NONMMUG026255,0.228758,0.017089,-0.179530,-0.030233,0.202698,-0.022934,-0.014295,-0.130195,-0.246721,-0.001759,0.094612,0.041972,0.336035,-0.043555,-0.120469,0.339587,-0.053554,0.010137,-0.189495,-0.221034,-0.277184,0.407167,-0.152418,0.083740,-0.077173,0.314067,0.092050,0.137688,-0.019917,-0.075627,-0.073779,0.056125,0.112384,0.038590,0.192823,0.040529,-0.227904,-0.082549,0.271586,-0.174098,0.052911,-0.138601,-0.145044,-0.383430,-0.068973,-0.179619,0.005693,-0.243743,0.122476,0.130420,-0.102057,0.197229,0.090646,0.186548,-0.162755,-0.103264,-0.143586,-0.257814,-0.014567,-0.160552,-0.151275,0.189015,-0.326049,0.054347,0
NONMMUG015274,0.193205,0.002663,-0.219268,0.008969,0.211817,0.048716,0.009356,-0.123011,-0.246939,0.035835,-0.005492,0.137698,0.290031,0.009249,-0.177285,0.279262,-0.011838,0.028445,-0.172010,-0.159241,-0.207925,0.381122,-0.171510,0.097931,-0.038330,0.268845,0.153598,0.179026,-0.048441,-0.099885,-0.048208,0.021482,0.149474,0.004179,0.119011,0.084698,-0.223642,-0.092037,0.248074,-0.170941,0.025907,-0.173022,-0.149159,-0.454042,-0.032950,-0.165114,0.054411,-0.218794,0.101256,0.158978,-0.085710,0.142747,0.113769,0.148023,-0.236029,-0.134443,-0.193904,-0.276313,-0.128028,-0.144177,-0.162303,0.148870,-0.308624,-0.000352,0
NONMMUG014160,0.217769,0.013030,-0.246374,-0.021545,0.225017,0.039197,-0.066282,-0.089934,-0.243752,-0.003681,0.047411,0.108587,0.285100,-0.009428,-0.165698,0.217537,0.017515,-0.031403,-0.191849,-0.250052,-0.232253,0.377193,-0.141306,0.120179,-0.071484,0.250919,0.170216,0.148872,-0.044562,-0.101768,-0.036302,0.080900,0.105581,0.047971,0.191232,0.133718,-0.288507,-0.003764,0.232948,-0.175453,0.008994,-0.181988,-0.119124,-0.362601,0.058212,-0.148951,0.028171,-0.223026,0.061647,0.177869,-0.064449,0.196458,0.047959,0.141680,-0.205783,-0.080621,-0.152707,-0.271721,-0.156149,-0.121764,-0.140039,0.207805,-0.332267,-0.029975,0
NONMMUG001285,0.201715,0.034516,-0.214830,-0.053661,0.218300,0.009932,-0.010180,-0.129604,-0.248950,0.024600,0.028803,0.133460,0.284327,-0.003117,-0.128833,0.270456,-0.020372,0.044515,-0.191938,-0.218942,-0.195036,0.351742,-0.141642,0.126773,-0.062614,0.307393,0.079884,0.149182,-0.082460,-0.137685,-0.120367,0.038636,0.135527,-0.006217,0.178541,0.060785,-0.205003,-0.036615,0.254630,-0.091149,0.098243,-0.158449,-0.183515,-0.365654,-0.031887,-0.201308,0.035377,-0.266789,0.136152,0.113075,-0.072292,0.164193,0.040983,0.154934,-0.185898,-0.084977,-0.138512,-0.214312,-0.174879,-0.162131,-0.176241,0.137182,-0.390278,0.051455,0
NONMMUG035782,0.200021,0.024540,-0.201291,-0.000989,0.197763,0.030966,0.016384,-0.135093,-0.186236,0.057263,0.039708,0.116098,0.305675,-0.020912,-0.139046,0.285463,-0.021269,0.038728,-0.177505,-0.196294,-0.254024,0.325751,-0.120769,0.080414,-0.050720,0.320130,0.111299,0.126870,0.019401,-0.121244,-0.052547,0.007816,0.126318,0.008061,0.151526,0.168295,-0.203000,-0.021723,0.209243,-0.124265,0.115760,-0.224449,-0.150238,-0.393700,-0.089638,-0.146934,0.034237,-0.215777,0.136072,0.104372,-0.095707,0.191098,0.120971,0.157381,-0.196770,-0.147175,-0.077789,-0.336948,-0.086788,-0.185548,-0.185514,0.182668,-0.308965,0.038417,0
NONMMUG001020,0.159098,0.049768,-0.188702,-0.023493,0.210543,0.002285,-0.025544,-0.113735,-0.213454,-0.007758,0.005601,0.039444,0.298365,0.010258,-0.119914,0.313381,0.015395,0.073778,-0.197789,-0.173682,-0.270590,0.330728,-0.098461,0.118700,-0.036501,0.265589,0.105489,0.099863,-0.081742,-0.096859,-0.095432,0.011604,0.153079,0.004978,0.145795,0.134726,-0.245737,-0.039587,0.291076,-0.090216,0.135160,-0.165900,-0.163907,-0.444987,-0.079570,-0.238937,0.034032,-0.233471,0.086751,0.135824,-0.052276,0.156472,0.082330,0.154501,-0.190499,-0.043207,-0.142708,-0.343571,-0.165156,-0.166104,-0.200512,0.167892,-0.324532,0.034655,0
NONMMUG014962,0.190301,0.027314,-0.201886,-0.004591,0.280155,-0.002302,-0.043723,-0.101242,-0.276839,0.009481,0.094130,0.091097,0.318406,-0.036543,-0.142210,0.312906,0.006891,0.033817,-0.199337,-0.206414,-0.212930,0.341036,-0.148261,0.111282,-0.035698,0.248746,0.190262,0.150198,-0.068451,-0.111350,-0.112057,-0.008607,0.120335,-0.020199,0.148232,0.097288,-0.195759,0.020084,0.247471,-0.155609,0.033608,-0.211432,-0.164529,-0.364878,-0.011200,-0.211759,0.045475,-0.117630,0.115856,0.182005,-0.081181,0.158976,0.074125,0.141099,-0.202506,-0.051465,-0.111021,-0.316358,-0.223392,-0.134815,-0.115851,0.153585,-0.357590,0.024977,0
NONMMUG043441,0.217621,0.075494,-0.245384,-0.039232,0.194316,0.086741,-0.013292,-0.108559,-0.288024,0.075957,0.062497,0.118449,0.299357,0.029669,-0.138449,0.312631,-0.047739,0.049774,-0.110591,-0.164362,-0.259259,0.310068,-0.116784,0.091660,-0.071552,0.357065,0.178242,0.150320,-0.082125,-0.087594,-0.085797,0.087240,0.089366,-0.039098,0.158560,0.104660,-0.193978,-0.000034,0.184330,-0.178164,0.044921,-0.138031,-0.160114,-0.342569,0.018653,-0.153888,-0.017506,-0.268057,0.112108,0.209206,-0.093379,0.126217,0.051313,0.175385,-0.213987,-0.130364,-0.135951,-0.292747,-0.103594,-0.128209,-0.189770,0.116149,-0.360924,-0.011004,0
NONMMUG023268,0.277711,0.031443,-0.205706,0.059165,0.169835,-0.005721,0.013536,-0.198894,-0.276352,0.044514,0.051249,0.070231,0.272018,0.032736,-0.172642,0.311628,0.014181,0.020520,-0.184196,-0.124285,-0.167840,0.359243,-0.042778,0.100021,-0.030552,0.286992,0.084162,0.127372,-0.000375,-0.176578,-0.060345,0.027600,0.181116,-0.000204,0.202954,0.086392,-0.203505,-0.022649,0.183310,-0.117148,0.137515,-0.140940,-0.209716,-0.338365,-0.040041,-0.176671,0.051904,-0.218924,0.167193,0.099369,-0.050608,0.179870,0.079047,0.109796,-0.230646,-0.063469,-0.114357,-0.192315,-0.122529,-0.231799,-0.170738,0.094426,-0.346428,0.028210,0
NONMMUG038813,0.330233,0.028023,-0.187554,0.081777,0.226013,0.172308,0.030098,-0.153793,-0.093828,-0.047268,0.110898,0.055528,0.283668,-0.114315,-0.251712,0.336632,-0.116433,0.111463,0.003404,-0.145630,-0.150402,0.343053,0.021885,0.091348,-0.044909,0.339351,0.177646,0.032443,-0.156830,-0.066674,0.112277,-0.152626,0.013340,0.029490,0.565693,0.204405,-0.192050,-0.097589,0.179424,0.085440,0.127549,-0.274701,-0.071218,-0.179601,-0.110624,-0.122156,-0.054267,-0.182062,0.146192,0.161110,-0.004436,0.262827,-0.098450,-0.160876,-0.129276,-0.109331,0.242774,-0.134449,-0.218122,0.135063,-0.127911,-0.016175,-0.227510,-0.117131,0
RPI002_012956,0.131852,-0.056978,-0.343475,0.054521,0.104738,0.488964,0.172062,-0.301985,-0.115586,0.192051,0.041767,0.081471,0.290540,-0.220195,-0.268923,0.175928,-0.246365,0.005799,-0.031744,-0.196717,0.124514,0.469972,0.032777,0.240346,0.029648,0.228977,0.234925,0.148789,-0.096792,0.009825,0.240981,-0.114047,0.136787,0.165314,0.539549,0.356241,-0.371819,-0.121054,0.008004,0.233154,0.079949,-0.399825,0.125273,-0.312339,-0.277235,-0.221090,-0.392409,0.034744,-0.021470,0.517273,-0.272305,0.373469,-0.015490,-0.349011,-0.004338,0.034864,-0.046693,-0.102076,-0.175382,-0.035241,0.098783,-0.265396,-0.436077,-0.267557,0
NONMMUG020606,0.131205,-0.114580,-0.166370,-0.205987,0.206659,-0.005885,-0.068108,-0.217530,-0.155890,0.071674,0.116905,0.038796,0.316808,-0.008794,-0.191786,0.328074,0.044178,0.015938,-0.011852,-0.236065,-0.342223,0.331342,0.029847,-0.033507,-0.098588,0.255624,0.163338,0.050815,-0.130001,-0.130838,0.103864,-0.201510,-0.039880,-0.078290,0.316575,0.050958,-0.093661,-0.097790,0.215988,0.001029,-0.011145,-0.200479,-0.114284,-0.406732,-0.033949,-0.154063,0.090464,-0.321332,0.139904,0.085105,-0.000673,0.204418,0.048263,0.003799,-0.137754,-0.110314,-0.020587,-0.125677,-0.139681,-0.030642,-0.060374,0.219309,-0.268822,0.130934,0
NONMMUG013516,0.157998,-0.094911,-0.084167,-0.238339,0.223860,-0.032935,0.028940,-0.162027,-0.178341,0.085897,0.054141,0.076603,0.248499,-0.022690,-0.184344,0.392054,0.137320,-0.004798,-0.107777,-0.128324,-0.322035,0.369607,0.065289,-0.054086,-0.070318,0.275745,0.184306,0.029697,-0.181610,-0.141311,0.076283,-0.213076,-0.097102,-0.027060,0.373302,0.111544,-0.071886,-0.048438,0.242323,-0.116359,-0.006044,-0.169990,-0.140646,-0.421466,-0.111406,-0.235947,0.041204,-0.382884,0.223904,0.101103,0.040853,0.132806,0.136965,-0.059386,-0.100592,-0.108618,-0.077260,-0.116237,-0.013974,-0.004171,-0.129195,0.154633,-0.318696,0.024366,0
NONMMUG039885,0.272712,0.164975,-0.320933,-0.022192,0.211781,0.021802,0.004478,-0.076663,-0.308325,0.046321,-0.035864,0.036882,0.244882,0.091608,-0.018641,0.366332,-0.077002,-0.007429,-0.234396,-0.192415,-0.184941,0.293266,-0.225297,0.159633,0.076417,0.307506,0.170344,0.281217,-0.097736,-0.206510,-0.279967,0.161003,0.230761,-0.045990,0.063359,0.155387,-0.302950,0.012173,0.145788,-0.087160,0.072986,-0.113260,-0.176043,-0.400218,0.114655,-0.099426,-0.004300,-0.093946,0.109404,0.237270,-0.033547,0.061522,0.092329,0.320625,-0.277231,-0.071770,-0.172991,-0.403467,-0.066863,-0.315268,-0.197729,0.027721,-0.353612,0.013066,0
